actorId;timeNs
Actor-0;865129269
Actor-1;33296190
Actor-2;27384144
Actor-3;25987749
Actor-4;22017666
Actor-5;24175625
Actor-6;22398228
Actor-7;22248207
Actor-8;22641913
Actor-9;357872682
Actor-10;20258336
Actor-11;19752847
Actor-12;22027729
Actor-13;21252974
Actor-14;23744237
Actor-15;24415667
Actor-16;21459231
Actor-17;30286861
Actor-18;21386783
Actor-19;21400246
Actor-20;23970143
Actor-21;23129925
Actor-22;23133138
Actor-23;21403396
Actor-24;23235094
Actor-25;20376313
Actor-26;23601380
Actor-27;20285357
Actor-28;20218676
Actor-29;22075044
Actor-30;19189060
Actor-31;21858445
Actor-32;21360920
Actor-33;18093088
Actor-34;19237015
Actor-35;19909533
Actor-36;24769729
Actor-37;20703566
Actor-38;19326254
Actor-39;21198785
Actor-40;20772466
Actor-41;21477295
Actor-42;21687597
Actor-43;22231598
Actor-44;20338237
Actor-45;18733213
Actor-46;19915727
Actor-47;19964220
Actor-48;20948895
Actor-49;18861252
Actor-50;20130145
Actor-51;19830067
Actor-52;18395149
Actor-53;20830973
Actor-54;20431568
Actor-55;21645824
Actor-56;19259618
Actor-57;21196825
Actor-58;18420321
Actor-59;19367043
Actor-60;20135562
Actor-61;21294533
Actor-62;17988741
Actor-63;21134116
Actor-64;19656222
Actor-65;19400824
Actor-66;19127827
Actor-67;21416713
Actor-68;17464668
Actor-69;20223923
Actor-70;19740249
Actor-71;20924585
Actor-72;18577051
Actor-73;19743769
Actor-74;19046413
Actor-75;19526337
Actor-76;19245255
Actor-77;18976876
Actor-78;18547112
Actor-79;20353606
Actor-80;18897661
Actor-81;20987121
Actor-82;22075971
Actor-83;18512112
Actor-84;22097464
Actor-85;22298904
Actor-86;17403668
Actor-87;18373965
Actor-88;20343155
Actor-89;20442104
Actor-90;18837388
Actor-91;19015772
Actor-92;19646410
Actor-93;20339987
Actor-94;20230094
Actor-95;20317850
Actor-96;19103034
Actor-97;19323194
Actor-98;20590044
Actor-99;18991664
Actor-100;17554756
Actor-101;16686216
Actor-102;20366677
Actor-103;17990919
Actor-104;18083939
Actor-105;18001904
Actor-106;20052687
Actor-107;18511675
Actor-108;19025135
Actor-109;17443335
Actor-110;20748525
Actor-111;18614853
Actor-112;17851483
Actor-113;19428401
Actor-114;17510011
Actor-115;18394787
Actor-116;19415763
Actor-117;17848062
Actor-118;21688277
Actor-119;19689441
Actor-120;21852587
Actor-121;18070984
Actor-122;19610298
Actor-123;19163000
Actor-124;18089056
Actor-125;17639090
Actor-126;20021030
Actor-127;21068466
Actor-128;19435556
Actor-129;19773347
Actor-130;19409184
Actor-131;18775066
Actor-132;17475539
Actor-133;19277307
Actor-134;18885794
Actor-135;17911847
Actor-136;18724596
Actor-137;17720216
Actor-138;19621349
Actor-139;21124548
Actor-140;19167686
Actor-141;19667629
Actor-142;19887843
Actor-143;20702361
Actor-144;17479240
Actor-145;18396165
Actor-146;18996395
Actor-147;17699686
Actor-148;17782963
Actor-149;17953784
Actor-150;16843503
Actor-151;19191014
Actor-152;18970148
Actor-153;16691115
Actor-154;17441195
Actor-155;19066889
Actor-156;18537722
Actor-157;17683884
Actor-158;19595687
Actor-159;17827475
Actor-160;20095153
Actor-161;18954806
Actor-162;17119499
Actor-163;17489124
Actor-164;20123980
Actor-165;21461378
Actor-166;19818528
Actor-167;20527785
Actor-168;17410237
Actor-169;19536679
Actor-170;18962875
Actor-171;19820080
Actor-172;20440178
Actor-173;19975783
Actor-174;21989125
Actor-175;21521485
Actor-176;19905094
Actor-177;23142587
Actor-178;23653924
Actor-179;23097984
Actor-180;23438210
Actor-181;21877870
Actor-182;21329594
Actor-183;24084811
Actor-184;22236905
Actor-185;25320440
Actor-186;22678579
Actor-187;19505389
Actor-188;24982352
Actor-189;25166726
Actor-190;20181210
Actor-191;26327011
Actor-192;24522503
Actor-193;20146358
Actor-194;17880688
Actor-195;21033718
Actor-196;19193956
Actor-197;19620680
Actor-198;19597818
Actor-199;18024611
Actor-200;17576997
Actor-201;22407660
Actor-202;17830111
Actor-203;16618913
Actor-204;17830295
Actor-205;16033432
Actor-206;18371973
Actor-207;17372356
Actor-208;18094907
Actor-209;17267531
Actor-210;19484390
Actor-211;19407427
Actor-212;18188835
Actor-213;17993888
Actor-214;17546523
Actor-215;16985650
Actor-216;16431418
Actor-217;17015404
Actor-218;15728716
Actor-219;17175489
Actor-220;17640408
Actor-221;17444361
Actor-222;17401609
Actor-223;16189800
Actor-224;16358229
Actor-225;18567748
Actor-226;18795484
Actor-227;19906728
Actor-228;18853238
Actor-229;20539400
Actor-230;17755347
Actor-231;17847093
Actor-232;15780794
Actor-233;16836481
Actor-234;18516326
Actor-235;15022638
Actor-236;15958913
Actor-237;17243212
Actor-238;16555504
Actor-239;18867112
Actor-240;15739399
Actor-241;18056020
Actor-242;15182021
Actor-243;17142592
Actor-244;18684868
Actor-245;15696981
Actor-246;17821043
Actor-247;16762986
Actor-248;15456945
Actor-249;16669590
Actor-250;15413794
Actor-251;18494809
Actor-252;16122467
Actor-253;17178706
Actor-254;15011020
Actor-255;24377437
Actor-256;17235662
Actor-257;15961101
Actor-258;16871730
Actor-259;18457327
Actor-260;17005870
Actor-261;19320669
Actor-262;16624727
Actor-263;16842050
Actor-264;16215833
Actor-265;18889793
Actor-266;15529888
Actor-267;17552172
Actor-268;15510717
Actor-269;16702475
Actor-270;14983502
Actor-271;14862153
Actor-272;15161982
Actor-273;17024964
Actor-274;17277896
Actor-275;16103879
Actor-276;15984908
Actor-277;14340367
Actor-278;16626946
Actor-279;15815773
Actor-280;18372560
Actor-281;18405001
Actor-282;15787741
Actor-283;15004309
Actor-284;16553888
Actor-285;14834535
Actor-286;17052470
Actor-287;16905430
Actor-288;15003949
Actor-289;19255029
Actor-290;14604711
Actor-291;17546048
Actor-292;15956819
Actor-293;18043620
Actor-294;15369866
Actor-295;19248729
Actor-296;16047313
Actor-297;17128785
Actor-298;16200231
Actor-299;18048805
Actor-300;18114563
Actor-301;15271264
Actor-302;15711322
Actor-303;14548423
Actor-304;17375100
Actor-305;14969511
Actor-306;17203048
Actor-307;18846241
Actor-308;14700566
Actor-309;18506399
Actor-310;15755098
Actor-311;17419444
Actor-312;15360507
Actor-313;17194384
Actor-314;14357624
Actor-315;15032372
Actor-316;16325800
Actor-317;14880798
Actor-318;17012432
Actor-319;16508620
Actor-320;15133570
Actor-321;16926698
Actor-322;15574130
Actor-323;17182371
Actor-324;17503477
Actor-325;15331778
Actor-326;17435954
Actor-327;15903363
Actor-328;16294559
Actor-329;15562557
Actor-330;17129251
Actor-331;17388202
Actor-332;18181119
Actor-333;16678568
Actor-334;16787114
Actor-335;15245590
Actor-336;17714588
Actor-337;15838394
Actor-338;18020037
Actor-339;17151710
Actor-340;20370624
Actor-341;17670095
Actor-342;21258274
Actor-343;19678061
Actor-344;18475936
Actor-345;16309449
Actor-346;17106771
Actor-347;15543664
Actor-348;15361327
Actor-349;17360227
Actor-350;17737091
Actor-351;17489079
Actor-352;15720613
Actor-353;16745449
Actor-354;17812657
Actor-355;16359809
Actor-356;16427405
Actor-357;17125604
Actor-358;16454873
Actor-359;14877791
Actor-360;16864745
Actor-361;17223294
Actor-362;15352288
Actor-363;16403755
Actor-364;16121073
Actor-365;17099469
Actor-366;15837882
Actor-367;16662768
Actor-368;16947700
Actor-369;16722750
Actor-370;18956571
Actor-371;16999333
Actor-372;17685944
Actor-373;15122548
Actor-374;16802098
Actor-375;16776678
Actor-376;14572748
Actor-377;15824625
Actor-378;15743038
Actor-379;16724135
Actor-380;14805750
Actor-381;15742803
Actor-382;17287218
Actor-383;20991645
Actor-384;14893589
Actor-385;16289490
Actor-386;18264022
Actor-387;17182475
Actor-388;17845469
Actor-389;19609926
Actor-390;16839679
Actor-391;16142613
Actor-392;15925289
Actor-393;17517650
Actor-394;14883802
Actor-395;16822887
Actor-396;19752989
Actor-397;20188171
Actor-398;14054821
Actor-399;14766694
Actor-400;18175216
Actor-401;17769250
Actor-402;17772170
Actor-403;17778692
Actor-404;17262686
Actor-405;14385536
Actor-406;16862218
Actor-407;18681641
Actor-408;18278597
Actor-409;17151681
Actor-410;16710632
Actor-411;17515589
Actor-412;19102960
Actor-413;16445553
Actor-414;19452157
Actor-415;16550928
Actor-416;17026053
Actor-417;17317514
Actor-418;15305759
Actor-419;14321499
Actor-420;15024856
Actor-421;16037162
Actor-422;15794118
Actor-423;15351604
Actor-424;15720098
Actor-425;17472720
Actor-426;15917852
Actor-427;13590423
Actor-428;16706645
Actor-429;15466893
Actor-430;13974803
Actor-431;15428269
Actor-432;15183249
Actor-433;15955573
Actor-434;15064072
Actor-435;15983530
Actor-436;14615350
Actor-437;16703689
Actor-438;14672931
Actor-439;18227810
Actor-440;15237673
Actor-441;14982737
Actor-442;15410213
Actor-443;14707560
Actor-444;18261328
Actor-445;17093304
Actor-446;17191304
Actor-447;18777327
Actor-448;17049692
Actor-449;15347046
Actor-450;16720828
Actor-451;13669868
Actor-452;17683232
Actor-453;13904827
Actor-454;14280349
Actor-455;16381232
Actor-456;16371613
Actor-457;15841583
Actor-458;16422350
Actor-459;18277386
Actor-460;16857325
Actor-461;17033814
Actor-462;17806668
Actor-463;14488186
Actor-464;16059210
Actor-465;16794019
Actor-466;16578182
Actor-467;16285419
Actor-468;16184140
Actor-469;15379461
Actor-470;16281987
Actor-471;16443741
Actor-472;16117722
Actor-473;17011222
Actor-474;17985902
Actor-475;18061302
Actor-476;16626327
Actor-477;19652536
Actor-478;16327954
Actor-479;17067470
Actor-480;18732410
Actor-481;15107162
Actor-482;18679261
Actor-483;18311470
Actor-484;17899467
Actor-485;19583392
Actor-486;16151835
Actor-487;17237668
Actor-488;16291594
Actor-489;15731299
Actor-490;16687796
Actor-491;17651965
Actor-492;16206516
Actor-493;18211634
Actor-494;17330142
Actor-495;21539474
Actor-496;16149391
Actor-497;14646935
Actor-498;17144832
Actor-499;16756040
Actor-500;15884910
Actor-501;16480627
Actor-502;16111632
Actor-503;17541166
Actor-504;14980689
Actor-505;16627048
Actor-506;17748491
Actor-507;16017933
Actor-508;15500064
Actor-509;16714905
Actor-510;15556743
Actor-511;19065945
Actor-512;19030172
Actor-513;15132486
Actor-514;16192654
Actor-515;15171712
Actor-516;15488283
Actor-517;16453952
Actor-518;15406770
Actor-519;15611212
Actor-520;15724702
Actor-521;15446511
Actor-522;14814490
Actor-523;16850490
Actor-524;14291263
Actor-525;13438004
Actor-526;13491197
Actor-527;16409759
Actor-528;16264628
Actor-529;14117097
Actor-530;18959674
Actor-531;19143731
Actor-532;17760424
Actor-533;15160485
Actor-534;17143707
Actor-535;20428857
Actor-536;20859495
Actor-537;17387392
Actor-538;14857178
Actor-539;15823727
Actor-540;14529595
Actor-541;18829406
Actor-542;16426196
Actor-543;16585923
Actor-544;17036782
Actor-545;15227572
Actor-546;16589219
Actor-547;15333479
Actor-548;15861688
Actor-549;15877855
Actor-550;14648844
Actor-551;17540231
Actor-552;15517645
Actor-553;18474215
Actor-554;15349706
Actor-555;16564894
Actor-556;17095381
Actor-557;15387479
Actor-558;16697107
Actor-559;15576301
Actor-560;15519583
Actor-561;15849836
Actor-562;14883764
Actor-563;16693291
Actor-564;15480806
Actor-565;16727891
Actor-566;15983132
Actor-567;15899426
Actor-568;15017945
Actor-569;15549446
Actor-570;17223790
Actor-571;15498616
Actor-572;14271763
Actor-573;19146671
Actor-574;16945446
Actor-575;18886839
Actor-576;16634864
Actor-577;17215128
Actor-578;16912218
Actor-579;17099366
Actor-580;16640224
Actor-581;15540613
Actor-582;15692726
Actor-583;14414084
Actor-584;16005821
Actor-585;14128501
Actor-586;13430955
Actor-587;15630620
Actor-588;15616122
Actor-589;17100070
Actor-590;14716738
Actor-591;16399730
Actor-592;14541382
Actor-593;15054278
Actor-594;16087865
Actor-595;15648567
Actor-596;14032693
Actor-597;15502703
Actor-598;13729077
Actor-599;16333463
Actor-600;14336640
Actor-601;14054766
Actor-602;15864604
Actor-603;15741614
Actor-604;17621857
Actor-605;14888620
Actor-606;16014619
Actor-607;17319126
Actor-608;17908243
Actor-609;15521428
Actor-610;14771499
Actor-611;16583410
Actor-612;14298260
Actor-613;20123416
Actor-614;15992202
Actor-615;14408824
Actor-616;14706070
Actor-617;13815330
Actor-618;16150694
Actor-619;14310829
Actor-620;15367493
Actor-621;14039132
Actor-622;17523374
Actor-623;15274829
Actor-624;18987637
Actor-625;14988796
Actor-626;15799400
Actor-627;15768060
Actor-628;14524585
Actor-629;17179780
Actor-630;16088889
Actor-631;15803962
Actor-632;14888634
Actor-633;15240302
Actor-634;16027854
Actor-635;16367892
Actor-636;17266509
Actor-637;16399795
Actor-638;14988354
Actor-639;17163444
Actor-640;17401513
Actor-641;16566138
Actor-642;14899949
Actor-643;16743437
Actor-644;17343732
Actor-645;16209974
Actor-646;15326973
Actor-647;15793955
Actor-648;18073533
Actor-649;16437464
Actor-650;15698710
Actor-651;19271109
Actor-652;16247842
Actor-653;15958951
Actor-654;18256278
Actor-655;16205463
Actor-656;16116554
Actor-657;16151462
Actor-658;17060943
Actor-659;15720889
Actor-660;15727217
Actor-661;15044806
Actor-662;14805436
Actor-663;14636304
Actor-664;15547098
Actor-665;17668475
Actor-666;15328565
Actor-667;16307300
Actor-668;15382487
Actor-669;14530445
Actor-670;18423667
Actor-671;17140175
Actor-672;15686364
Actor-673;17790703
Actor-674;17304306
Actor-675;18636051
Actor-676;17783515
Actor-677;18857778
Actor-678;19394332
Actor-679;17439365
Actor-680;16718563
Actor-681;16878671
Actor-682;16900700
Actor-683;18437162
Actor-684;17600128
Actor-685;16179319
Actor-686;17232537
Actor-687;18373545
Actor-688;18633501
Actor-689;19830905
Actor-690;17975046
Actor-691;14887515
Actor-692;14967289
Actor-693;15980335
Actor-694;16162668
Actor-695;15862263
Actor-696;15685970
Actor-697;15832125
Actor-698;15975357
Actor-699;15312798
Actor-700;15755263
Actor-701;13845543
Actor-702;15548690
Actor-703;18164788
Actor-704;17144208
Actor-705;14651190
Actor-706;16666922
Actor-707;15218790
Actor-708;26849713
Actor-709;16412425
Actor-710;17151951
Actor-711;20129544
Actor-712;18427694
Actor-713;14198485
Actor-714;16642670
Actor-715;15612961
Actor-716;15361678
Actor-717;14786810
Actor-718;15475623
Actor-719;14653668
Actor-720;16411687
Actor-721;13766333
Actor-722;14267692
Actor-723;16863836
Actor-724;17694711
Actor-725;15623055
Actor-726;14582323
Actor-727;17425816
Actor-728;15643973
Actor-729;15010095
Actor-730;14716889
Actor-731;16119253
Actor-732;17280123
Actor-733;17709145
Actor-734;15075802
Actor-735;16803707
Actor-736;15059000
Actor-737;15757166
Actor-738;15989383
Actor-739;17854807
Actor-740;16722612
Actor-741;14013475
Actor-742;16380676
Actor-743;16826365
Actor-744;14012793
Actor-745;16480526
Actor-746;16199989
Actor-747;18032386
Actor-748;15018638
Actor-749;14882434
Actor-750;15055596
Actor-751;16570123
Actor-752;16625974
Actor-753;15599259
Actor-754;14870534
Actor-755;13969843
Actor-756;13448727
Actor-757;16859425
Actor-758;14610427
Actor-759;17755881
Actor-760;17008137
Actor-761;15781166
Actor-762;18666095
Actor-763;15277363
Actor-764;15713410
Actor-765;16882319
Actor-766;16509004
Actor-767;17412212
Actor-768;17752338
Actor-769;18956569
Actor-770;17661543
Actor-771;18154022
Actor-772;20510884
Actor-773;18526377
Actor-774;16812639
Actor-775;19803615
Actor-776;15187100
Actor-777;17673729
Actor-778;16395475
Actor-779;17036543
Actor-780;16570463
Actor-781;15379436
Actor-782;15127322
Actor-783;15757393
Actor-784;16427501
Actor-785;14134733
Actor-786;15366741
Actor-787;15721421
Actor-788;17173913
Actor-789;16602570
Actor-790;17540348
Actor-791;14805746
Actor-792;17390044
Actor-793;14991105
Actor-794;17000769
Actor-795;15540781
Actor-796;14415133
Actor-797;13856023
Actor-798;17410906
Actor-799;14782634
Actor-800;15273168
Actor-801;15256468
Actor-802;18134403
Actor-803;15517838
Actor-804;14706223
Actor-805;15361484
Actor-806;15820872
Actor-807;18995560
Actor-808;17872836
Actor-809;14914065
Actor-810;14480478
Actor-811;15235398
Actor-812;17215321
Actor-813;15914237
Actor-814;14548229
Actor-815;17891646
Actor-816;17089038
Actor-817;15153861
Actor-818;16148780
Actor-819;17175313
Actor-820;16237466
Actor-821;18540383
Actor-822;17571689
Actor-823;16537805
Actor-824;16384028
Actor-825;15074945
Actor-826;16996693
Actor-827;18503169
Actor-828;15632484
Actor-829;16350491
Actor-830;17541815
Actor-831;15692909
Actor-832;17445659
Actor-833;14869571
Actor-834;16228765
Actor-835;15957729
Actor-836;19731925
Actor-837;16484689
Actor-838;14665999
Actor-839;17158463
Actor-840;16723174
Actor-841;16765572
Actor-842;19797303
Actor-843;17312282
Actor-844;16777439
Actor-845;17004067
Actor-846;18895079
Actor-847;20092616
Actor-848;19426147
Actor-849;15860105
Actor-850;17098275
Actor-851;15552500
Actor-852;14432421
Actor-853;20215548
Actor-854;14226948
Actor-855;15702174
Actor-856;15253043
Actor-857;15545570
Actor-858;16146038
Actor-859;16866869
Actor-860;13827182
Actor-861;15608342
Actor-862;14474203
Actor-863;15970787
Actor-864;14702644
Actor-865;15146852
Actor-866;13926847
Actor-867;15748788
Actor-868;15386229
Actor-869;16229326
Actor-870;18602778
Actor-871;16317462
Actor-872;19899394
Actor-873;16623059
Actor-874;15127057
Actor-875;16220399
Actor-876;15854963
Actor-877;15527862
Actor-878;15157437
Actor-879;17790402
Actor-880;17072512
Actor-881;14031723
Actor-882;13953260
Actor-883;17142990
Actor-884;16150522
Actor-885;15371825
Actor-886;14671208
Actor-887;16512818
Actor-888;18890750
Actor-889;17721082
Actor-890;18953660
Actor-891;15435611
Actor-892;15235357
Actor-893;18609155
Actor-894;15267924
Actor-895;17181950
Actor-896;17563819
Actor-897;17508171
Actor-898;16865075
Actor-899;17684765
Actor-900;17223634
Actor-901;17685940
Actor-902;17243535
Actor-903;18892384
Actor-904;16587172
Actor-905;16993860
Actor-906;18290101
Actor-907;15248006
Actor-908;17027194
Actor-909;15539134
Actor-910;14889445
Actor-911;17759441
Actor-912;18310492
Actor-913;16585734
Actor-914;13873261
Actor-915;13972199
Actor-916;17500969
Actor-917;16871100
Actor-918;17782340
Actor-919;19736688
Actor-920;18368656
Actor-921;19548011
Actor-922;17544398
Actor-923;16641278
Actor-924;16203441
Actor-925;17899251
Actor-926;19246392
Actor-927;17669321
Actor-928;16211419
Actor-929;18081153
Actor-930;17680034
Actor-931;15762999
Actor-932;18398709
Actor-933;16500674
Actor-934;14573856
Actor-935;15498982
Actor-936;16290060
Actor-937;18486591
Actor-938;15934770
Actor-939;15791395
Actor-940;15742880
Actor-941;17556067
Actor-942;21504805
Actor-943;15922163
Actor-944;17566695
Actor-945;18343876
Actor-946;20832299
Actor-947;20835265
Actor-948;18954875
Actor-949;22051844
Actor-950;19861734
Actor-951;18360825
Actor-952;17564085
Actor-953;18686891
Actor-954;15442009
Actor-955;20382285
Actor-956;16431929
Actor-957;17163481
Actor-958;19352938
Actor-959;20597170
Actor-960;19348218
Actor-961;18279666
Actor-962;17715981
Actor-963;21895030
Actor-964;16869561
Actor-965;18083038
Actor-966;14287504
Actor-967;16604816
Actor-968;17375507
Actor-969;14020076
Actor-970;17815329
Actor-971;14830803
Actor-972;16912286
Actor-973;15388709
Actor-974;17560860
Actor-975;17346682
Actor-976;14877927
Actor-977;16004140
Actor-978;15699487
Actor-979;16582386
Actor-980;16858403
Actor-981;18013558
Actor-982;18062594
Actor-983;16866696
Actor-984;18430749
Actor-985;15346865
Actor-986;15591987
Actor-987;14528472
Actor-988;17979036
Actor-989;16869594
Actor-990;16519326
Actor-991;17189094
Actor-992;17644020
Actor-993;24612124
Actor-994;19273629
Actor-995;22667732
Actor-996;23715020
Actor-997;22662812
Actor-998;21666701
Actor-999;23890862
Actor-1000;20167404
Actor-1001;20059739
Actor-1002;20982216
Actor-1003;20427432
Actor-1004;20066651
Actor-1005;20088354
Actor-1006;19441217
Actor-1007;19844879
Actor-1008;19313402
Actor-1009;18104192
Actor-1010;16542790
Actor-1011;19245354
Actor-1012;16801954
Actor-1013;19366401
Actor-1014;17810404
Actor-1015;17360297
Actor-1016;18163708
Actor-1017;19627157
Actor-1018;17518666
Actor-1019;18140592
Actor-1020;21005795
Actor-1021;18430218
Actor-1022;17610985
Actor-1023;19905712
Actor-1024;17558620
Actor-1025;23654750
Actor-1026;16343763
Actor-1027;17824452
Actor-1028;15961050
Actor-1029;18229165
Actor-1030;17629956
Actor-1031;17597664
Actor-1032;18481678
Actor-1033;16111365
Actor-1034;18185888
Actor-1035;20578061
Actor-1036;17653896
Actor-1037;17610747
Actor-1038;21504874
Actor-1039;19459100
Actor-1040;19109755
Actor-1041;16157524
Actor-1042;18258561
Actor-1043;20286346
Actor-1044;17629561
Actor-1045;16824817
Actor-1046;21504718
Actor-1047;17676307
Actor-1048;19819377
Actor-1049;19030931
Actor-1050;15339940
Actor-1051;16979829
Actor-1052;15070961
Actor-1053;16640300
Actor-1054;14966918
Actor-1055;15390455
Actor-1056;15377827
Actor-1057;17950803
Actor-1058;18891382
Actor-1059;19577520
Actor-1060;18260585
Actor-1061;16252552
Actor-1062;17173413
Actor-1063;18238095
Actor-1064;16877859
Actor-1065;18242981
Actor-1066;17046924
Actor-1067;19156253
Actor-1068;21035030
Actor-1069;17055879
Actor-1070;17619636
Actor-1071;17126839
Actor-1072;17234833
Actor-1073;18915223
Actor-1074;20060722
Actor-1075;18339372
Actor-1076;20905504
Actor-1077;16636248
Actor-1078;18098310
Actor-1079;19130858
Actor-1080;19074826
Actor-1081;20496763
Actor-1082;19012166
Actor-1083;19090490
Actor-1084;18649484
Actor-1085;18522962
Actor-1086;19028261
Actor-1087;19869017
Actor-1088;17394959
Actor-1089;22702600
Actor-1090;16529446
Actor-1091;20498417
Actor-1092;17951706
Actor-1093;19610156
Actor-1094;18640671
Actor-1095;20904365
Actor-1096;19643822
Actor-1097;21324937
Actor-1098;19051697
Actor-1099;18356877
Actor-1100;17210129
Actor-1101;18578153
Actor-1102;18693325
Actor-1103;17930187
Actor-1104;14891251
Actor-1105;18385559
Actor-1106;17366608
Actor-1107;19662133
Actor-1108;18377451
Actor-1109;19284293
Actor-1110;18912142
Actor-1111;18073487
Actor-1112;19683855
Actor-1113;18761048
Actor-1114;16019966
Actor-1115;16568665
Actor-1116;15596908
Actor-1117;16575350
Actor-1118;18386989
Actor-1119;18253490
Actor-1120;20974678
Actor-1121;18813810
Actor-1122;18237915
Actor-1123;20361292
Actor-1124;20855214
Actor-1125;18320996
Actor-1126;21360505
Actor-1127;19779801
Actor-1128;24185159
Actor-1129;23278939
Actor-1130;25767855
Actor-1131;19572191
Actor-1132;23762180
Actor-1133;23421564
Actor-1134;17147041
Actor-1135;17073749
Actor-1136;19471925
Actor-1137;17471423
Actor-1138;17870667
Actor-1139;18677212
Actor-1140;16749046
Actor-1141;17132421
Actor-1142;16430795
Actor-1143;17980093
Actor-1144;18351570
Actor-1145;18104957
Actor-1146;17237597
Actor-1147;18406976
Actor-1148;17784127
Actor-1149;16759311
Actor-1150;19876094
Actor-1151;16900563
Actor-1152;22267765
Actor-1153;21004258
Actor-1154;20224314
Actor-1155;20484367
Actor-1156;19399735
Actor-1157;16863041
Actor-1158;18254404
Actor-1159;17910176
Actor-1160;18262617
Actor-1161;19553191
Actor-1162;18077851
Actor-1163;17662511
Actor-1164;20079723
Actor-1165;20005424
Actor-1166;18790431
Actor-1167;17928948
Actor-1168;18338563
Actor-1169;19063110
Actor-1170;18812141
Actor-1171;17814246
Actor-1172;16733337
Actor-1173;18135940
Actor-1174;18543440
Actor-1175;20191348
Actor-1176;18432481
Actor-1177;17155065
Actor-1178;17819457
Actor-1179;19494767
Actor-1180;16514265
Actor-1181;18437775
Actor-1182;17559835
Actor-1183;16077430
Actor-1184;18229152
Actor-1185;19223574
Actor-1186;17129018
Actor-1187;17667206
Actor-1188;18597312
Actor-1189;21678172
Actor-1190;18943585
Actor-1191;18260088
Actor-1192;21300004
Actor-1193;20037612
Actor-1194;18697629
Actor-1195;18946821
Actor-1196;18059044
Actor-1197;22711635
Actor-1198;20786048
Actor-1199;24676893
Actor-1200;21465525
Actor-1201;19873536
Actor-1202;17822194
Actor-1203;17354611
Actor-1204;18276811
Actor-1205;19052367
Actor-1206;17302855
Actor-1207;19893228
Actor-1208;17123209
Actor-1209;19698912
Actor-1210;15828015
Actor-1211;20541716
Actor-1212;18079613
Actor-1213;19017584
Actor-1214;24882950
Actor-1215;22999987
Actor-1216;21031860
Actor-1217;29250628
Actor-1218;23541674
Actor-1219;21678800
Actor-1220;24460858
Actor-1221;26239933
Actor-1222;24482938
Actor-1223;21482581
Actor-1224;21385723
Actor-1225;21272927
Actor-1226;18775570
Actor-1227;20967208
Actor-1228;20607519
Actor-1229;21903157
Actor-1230;22310581
Actor-1231;19968017
Actor-1232;20522659
Actor-1233;18813868
Actor-1234;18688094
Actor-1235;21026489
Actor-1236;26132729
Actor-1237;18193515
Actor-1238;22848459
Actor-1239;22487800
Actor-1240;21671699
Actor-1241;19540815
Actor-1242;21201149
Actor-1243;20666743
Actor-1244;18139261
Actor-1245;21309176
Actor-1246;20843469
Actor-1247;19941422
Actor-1248;21106031
Actor-1249;19861489
Actor-1250;22298782
Actor-1251;25754614
Actor-1252;28877182
Actor-1253;20319078
Actor-1254;20476711
Actor-1255;23971168
Actor-1256;19966988
Actor-1257;26741735
Actor-1258;21762541
Actor-1259;18773578
Actor-1260;22159168
Actor-1261;21660526
Actor-1262;18317399
Actor-1263;25511654
Actor-1264;20655000
Actor-1265;20823028
Actor-1266;22664548
Actor-1267;22423840
Actor-1268;23370972
Actor-1269;24379575
Actor-1270;26174519
Actor-1271;21203345
Actor-1272;22443987
Actor-1273;20499993
Actor-1274;22399033
Actor-1275;26471416
Actor-1276;23598569
Actor-1277;23370974
Actor-1278;30066183
Actor-1279;21586028
Actor-1280;18616203
Actor-1281;20715020
Actor-1282;21946195
Actor-1283;19406238
Actor-1284;22357684
Actor-1285;19426767
Actor-1286;20597431
Actor-1287;19769102
Actor-1288;19788130
Actor-1289;24831572
Actor-1290;25033519
Actor-1291;31682994
Actor-1292;25059070
Actor-1293;20342885
Actor-1294;25939062
Actor-1295;21363813
Actor-1296;24537646
Actor-1297;21302693
Actor-1298;19758476
Actor-1299;27683627
Actor-1300;22719059
Actor-1301;27193867
Actor-1302;24465134
Actor-1303;27148637
Actor-1304;22432298
Actor-1305;21956318
Actor-1306;21084219
Actor-1307;24314103
Actor-1308;23253179
Actor-1309;24939003
Actor-1310;24874403
Actor-1311;25884594
Actor-1312;29593491
Actor-1313;28488158
Actor-1314;23207618
Actor-1315;27324246
Actor-1316;26866283
Actor-1317;24768934
Actor-1318;26707036
Actor-1319;28884309
Actor-1320;24180312
Actor-1321;25260754
Actor-1322;25412196
Actor-1323;27181091
Actor-1324;22861362
Actor-1325;27433630
Actor-1326;27064077
Actor-1327;25214174
Actor-1328;27251311
Actor-1329;28257464
Actor-1330;26748835
Actor-1331;23459232
Actor-1332;24766242
Actor-1333;28353676
Actor-1334;25008794
Actor-1335;28324986
Actor-1336;31256783
Actor-1337;27714308
Actor-1338;37075252
Actor-1339;29449563
Actor-1340;27632344
Actor-1341;26808754
Actor-1342;29766760
Actor-1343;27304727
Actor-1344;24297333
Actor-1345;28911199
Actor-1346;44020432
Actor-1347;26462945
Actor-1348;28117775
Actor-1349;27268863
Actor-1350;33102269
Actor-1351;40382298
Actor-1352;31420566
Actor-1353;33906860
Actor-1354;38334229
Actor-1355;31158904
Actor-1356;31749510
Actor-1357;29492025
Actor-1358;31239436
Actor-1359;27346824
Actor-1360;32843784
Actor-1361;28612023
Actor-1362;29934273
Actor-1363;31278568
Actor-1364;27350411
Actor-1365;27770166
Actor-1366;26688818
Actor-1367;21847049
Actor-1368;22709116
Actor-1369;28071083
Actor-1370;27899280
Actor-1371;27458360
Actor-1372;31747584
Actor-1373;27325449
Actor-1374;26477567
Actor-1375;30034949
Actor-1376;28264869
Actor-1377;26520398
Actor-1378;22238434
Actor-1379;25223042
Actor-1380;25399724
Actor-1381;24530113
Actor-1382;23158033
Actor-1383;24281373
Actor-1384;19908761
Actor-1385;23681935
Actor-1386;21371015
Actor-1387;21155411
Actor-1388;22286751
Actor-1389;22551383
Actor-1390;22162063
Actor-1391;23154459
Actor-1392;22097459
Actor-1393;25127412
Actor-1394;24068050
Actor-1395;26619218
Actor-1396;27288411
Actor-1397;22654470
Actor-1398;27184189
Actor-1399;30756306
Actor-1400;31376800
Actor-1401;29392992
Actor-1402;25436884
Actor-1403;28592584
Actor-1404;29375583
Actor-1405;28151672
Actor-1406;33562191
Actor-1407;37141767
Actor-1408;31328150
Actor-1409;29989283
Actor-1410;30152755
Actor-1411;24106599
Actor-1412;25287834
Actor-1413;24479948
Actor-1414;24992556
Actor-1415;24171238
Actor-1416;25710644
Actor-1417;26473243
Actor-1418;30854127
Actor-1419;33300009
Actor-1420;28810431
Actor-1421;25021634
Actor-1422;28089291
Actor-1423;26371599
Actor-1424;30518951
Actor-1425;27045446
Actor-1426;26337050
Actor-1427;26963243
Actor-1428;30746907
Actor-1429;36786855
Actor-1430;30124392
Actor-1431;37365575
Actor-1432;23116680
Actor-1433;30793412
Actor-1434;29093985
Actor-1435;28703590
Actor-1436;33439444
Actor-1437;34692881
Actor-1438;31145057
Actor-1439;34914753
Actor-1440;38838331
Actor-1441;35738049
Actor-1442;38612703
Actor-1443;34489320
Actor-1444;31552802
Actor-1445;38201348
Actor-1446;33202512
Actor-1447;33073481
Actor-1448;40941683
Actor-1449;28547810
Actor-1450;34386713
Actor-1451;45285285
Actor-1452;40749798
Actor-1453;36898860
Actor-1454;36460812
Actor-1455;30900412
Actor-1456;35585997
Actor-1457;27109738
Actor-1458;35577055
Actor-1459;35960092
Actor-1460;34008325
Actor-1461;26268665
Actor-1462;28067021
Actor-1463;27375442
Actor-1464;28556915
Actor-1465;26842434
Actor-1466;33052856
Actor-1467;32437999
Actor-1468;30072839
Actor-1469;26009293
Actor-1470;31047837
Actor-1471;31779246
Actor-1472;32010615
Actor-1473;35147280
Actor-1474;30733464
Actor-1475;37215738
Actor-1476;34691297
Actor-1477;32465041
Actor-1478;27839216
Actor-1479;25717480
Actor-1480;28340488
Actor-1481;28237074
Actor-1482;30579301
Actor-1483;25907417
Actor-1484;32150676
Actor-1485;28427432
Actor-1486;27560976
Actor-1487;30189299
Actor-1488;27717395
Actor-1489;26401576
Actor-1490;22686197
Actor-1491;28096110
Actor-1492;28575901
Actor-1493;30032602
Actor-1494;29242606
Actor-1495;40637969
Actor-1496;28097613
Actor-1497;22109878
Actor-1498;25893555
Actor-1499;24523954
Actor-1500;22477147
Actor-1501;26955332
Actor-1502;27547647
Actor-1503;30393019
Actor-1504;26252265
Actor-1505;24287216
Actor-1506;22438160
Actor-1507;26014126
Actor-1508;25035336
Actor-1509;23110028
Actor-1510;26842538
Actor-1511;25308771
Actor-1512;23888632
Actor-1513;27275754
Actor-1514;24445974
Actor-1515;32681192
Actor-1516;29045983
Actor-1517;31225502
Actor-1518;33098391
Actor-1519;24366996
Actor-1520;27601308
Actor-1521;34165315
Actor-1522;31670613
Actor-1523;31823742
Actor-1524;30004554
Actor-1525;32340504
Actor-1526;26508810
Actor-1527;30801059
Actor-1528;34993646
Actor-1529;30621617
Actor-1530;34532530
Actor-1531;27362554
Actor-1532;35113750
Actor-1533;28560129
Actor-1534;27623608
Actor-1535;37636999
Actor-1536;26890194
Actor-1537;24484930
Actor-1538;30538831
Actor-1539;28264350
Actor-1540;27668501
Actor-1541;26068407
Actor-1542;22557210
Actor-1543;31719477
Actor-1544;23439545
Actor-1545;21842271
Actor-1546;22652389
Actor-1547;21826995
Actor-1548;24325550
Actor-1549;30748702
Actor-1550;27885658
Actor-1551;27038783
Actor-1552;28494187
Actor-1553;29243905
Actor-1554;29529427
Actor-1555;28642131
Actor-1556;25931837
Actor-1557;24246413
Actor-1558;24542108
Actor-1559;25389777
Actor-1560;29860166
Actor-1561;26150047
Actor-1562;27890333
Actor-1563;29155863
Actor-1564;30742311
Actor-1565;29648213
Actor-1566;25075962
Actor-1567;23525110
Actor-1568;23678419
Actor-1569;21247063
Actor-1570;23000498
Actor-1571;25252199
Actor-1572;22438573
Actor-1573;23227021
Actor-1574;21579365
Actor-1575;26294959
Actor-1576;24083950
Actor-1577;24483712
Actor-1578;28375059
Actor-1579;25897757
Actor-1580;27990693
Actor-1581;25148154
Actor-1582;24157604
Actor-1583;24612350
Actor-1584;21507441
Actor-1585;24061450
Actor-1586;24337370
Actor-1587;26469018
Actor-1588;30075128
Actor-1589;26809907
Actor-1590;30689612
Actor-1591;25600075
Actor-1592;27296811
Actor-1593;22087337
Actor-1594;27762436
Actor-1595;25916604
Actor-1596;22113490
Actor-1597;23381857
Actor-1598;23279802
Actor-1599;23703319
Actor-1600;25787258
Actor-1601;21077965
Actor-1602;22464740
Actor-1603;25723032
Actor-1604;24448433
Actor-1605;26623582
Actor-1606;25353311
Actor-1607;28634537
Actor-1608;25452820
Actor-1609;25887986
Actor-1610;23845664
Actor-1611;26117350
Actor-1612;23170704
Actor-1613;26146504
Actor-1614;26719067
Actor-1615;24715979
Actor-1616;23648647
Actor-1617;24076323
Actor-1618;29102889
Actor-1619;24702637
Actor-1620;24576677
Actor-1621;27301042
Actor-1622;25812351
Actor-1623;27360125
Actor-1624;19983961
Actor-1625;23189941
Actor-1626;22712223
Actor-1627;25606530
Actor-1628;23559736
Actor-1629;25831522
Actor-1630;25885508
Actor-1631;29149510
Actor-1632;29535789
Actor-1633;32824563
Actor-1634;27622328
Actor-1635;29166441
Actor-1636;23166188
Actor-1637;23484818
Actor-1638;25173186
Actor-1639;23975052
Actor-1640;24191690
Actor-1641;26375925
Actor-1642;25153242
Actor-1643;23221585
Actor-1644;20290764
Actor-1645;22369426
Actor-1646;23602173
Actor-1647;24525103
Actor-1648;23636895
Actor-1649;24240588
Actor-1650;23586037
Actor-1651;23944475
Actor-1652;24539328
Actor-1653;25517358
Actor-1654;24588261
Actor-1655;22038330
Actor-1656;24230922
Actor-1657;24452777
Actor-1658;24388328
Actor-1659;21712072
Actor-1660;24465527
Actor-1661;26495001
Actor-1662;26055947
Actor-1663;26021072
Actor-1664;26118171
Actor-1665;31461379
Actor-1666;29554882
Actor-1667;26454294
Actor-1668;21891194
Actor-1669;24547267
Actor-1670;22401664
Actor-1671;24052427
Actor-1672;22772291
Actor-1673;20709445
Actor-1674;22525642
Actor-1675;21023553
Actor-1676;24070960
Actor-1677;28691308
Actor-1678;24473255
Actor-1679;28834329
Actor-1680;23697021
Actor-1681;26648275
Actor-1682;22865598
Actor-1683;26254646
Actor-1684;25854716
Actor-1685;31568970
Actor-1686;26849781
Actor-1687;29120039
Actor-1688;26855248
Actor-1689;25906091
Actor-1690;23297032
Actor-1691;26145902
Actor-1692;21136598
Actor-1693;26144016
Actor-1694;25052518
Actor-1695;26063211
Actor-1696;24095441
Actor-1697;24994147
Actor-1698;25653774
Actor-1699;26854760
Actor-1700;26913734
Actor-1701;27632060
Actor-1702;27298907
Actor-1703;28256206
Actor-1704;24434684
Actor-1705;21660771
Actor-1706;23720913
Actor-1707;24506306
Actor-1708;20013137
Actor-1709;22138804
Actor-1710;24788292
Actor-1711;21456555
Actor-1712;31300207
Actor-1713;27153871
Actor-1714;30858807
Actor-1715;22562901
Actor-1716;27131808
Actor-1717;23132824
Actor-1718;22172833
Actor-1719;19859052
Actor-1720;21011875
Actor-1721;21487900
Actor-1722;23929285
Actor-1723;20192512
Actor-1724;21011430
Actor-1725;20965815
Actor-1726;21182560
Actor-1727;20747810
Actor-1728;20499892
Actor-1729;20598858
Actor-1730;20302515
Actor-1731;19915619
Actor-1732;21463633
Actor-1733;19360239
Actor-1734;20694130
Actor-1735;23433325
Actor-1736;21791618
Actor-1737;23066276
Actor-1738;22394827
Actor-1739;21466071
Actor-1740;23815738
Actor-1741;20119138
Actor-1742;23870276
Actor-1743;22911509
Actor-1744;21125365
Actor-1745;21491396
Actor-1746;19824307
Actor-1747;21061156
Actor-1748;21149460
Actor-1749;20276517
Actor-1750;19421570
Actor-1751;22360846
Actor-1752;20650538
Actor-1753;22338820
Actor-1754;27428703
Actor-1755;24618847
Actor-1756;22802009
Actor-1757;24695620
Actor-1758;26276060
Actor-1759;27836171
Actor-1760;28021513
Actor-1761;28162709
Actor-1762;29535685
Actor-1763;25592122
Actor-1764;26050891
Actor-1765;26552951
Actor-1766;26939732
Actor-1767;22147674
Actor-1768;29780523
Actor-1769;24168015
Actor-1770;23291783
Actor-1771;22251397
Actor-1772;21331307
Actor-1773;24887912
Actor-1774;26941655
Actor-1775;24768244
Actor-1776;23750802
Actor-1777;24634391
Actor-1778;23624586
Actor-1779;25759518
Actor-1780;27001313
Actor-1781;25031501
Actor-1782;27429019
Actor-1783;26468683
Actor-1784;23452501
Actor-1785;25419525
Actor-1786;20069162
Actor-1787;21129072
Actor-1788;20863930
Actor-1789;22291637
Actor-1790;24401151
Actor-1791;23993244
Actor-1792;21871919
Actor-1793;26266939
Actor-1794;24337969
Actor-1795;20861671
Actor-1796;24666087
Actor-1797;27785095
Actor-1798;29749784
Actor-1799;25629905
Actor-1800;25611844
Actor-1801;32612099
Actor-1802;31527097
Actor-1803;33571143
Actor-1804;28910906
Actor-1805;29714234
Actor-1806;24178836
Actor-1807;24052708
Actor-1808;24998299
Actor-1809;23303316
Actor-1810;27075080
Actor-1811;26732877
Actor-1812;21298913
Actor-1813;24714810
Actor-1814;24309333
Actor-1815;24361876
Actor-1816;21419674
Actor-1817;24724969
Actor-1818;23295031
Actor-1819;23821446
Actor-1820;21810150
Actor-1821;23992655
Actor-1822;19788149
Actor-1823;22565910
Actor-1824;21790140
Actor-1825;22326391
Actor-1826;23793810
Actor-1827;20591200
Actor-1828;21659158
Actor-1829;25465761
Actor-1830;20091603
Actor-1831;22746827
Actor-1832;21854782
Actor-1833;20145430
Actor-1834;22711982
Actor-1835;20590328
Actor-1836;22489559
Actor-1837;22997142
Actor-1838;24110801
Actor-1839;21851500
Actor-1840;21040023
Actor-1841;21483338
Actor-1842;22913242
Actor-1843;22519775
Actor-1844;21921124
Actor-1845;22981263
Actor-1846;24320877
Actor-1847;27420760
Actor-1848;23247846
Actor-1849;23699493
Actor-1850;24687840
Actor-1851;23854624
Actor-1852;23296214
Actor-1853;24731138
Actor-1854;20201033
Actor-1855;21697653
Actor-1856;24139331
Actor-1857;26754314
Actor-1858;25076228
Actor-1859;22890956
Actor-1860;23464550
Actor-1861;20533804
Actor-1862;21641441
Actor-1863;21952244
Actor-1864;21599978
Actor-1865;20863761
Actor-1866;23168633
Actor-1867;21718658
Actor-1868;21748121
Actor-1869;20801061
Actor-1870;26094121
Actor-1871;20876893
Actor-1872;22194619
Actor-1873;24417377
Actor-1874;20183664
Actor-1875;22119480
Actor-1876;20979060
Actor-1877;22549766
Actor-1878;23129335
Actor-1879;24680877
Actor-1880;25313444
Actor-1881;25524178
Actor-1882;21490947
Actor-1883;24644619
Actor-1884;24605777
Actor-1885;19957490
Actor-1886;24965550
Actor-1887;20349959
Actor-1888;24799056
Actor-1889;23526562
Actor-1890;22573607
Actor-1891;22553854
Actor-1892;21405123
Actor-1893;22450178
Actor-1894;23541124
Actor-1895;22592200
Actor-1896;24458668
Actor-1897;21059953
Actor-1898;20771585
Actor-1899;21631154
Actor-1900;19858065
Actor-1901;22131996
Actor-1902;20047158
Actor-1903;21894585
Actor-1904;20861147
Actor-1905;23053276
Actor-1906;21791947
Actor-1907;21887934
Actor-1908;22218472
Actor-1909;25983840
Actor-1910;24653210
Actor-1911;22758069
Actor-1912;20673705
Actor-1913;21635997
Actor-1914;19648673
Actor-1915;20521033
Actor-1916;21124703
Actor-1917;20475331
Actor-1918;21070708
Actor-1919;22030864
Actor-1920;21757275
Actor-1921;24844324
Actor-1922;25118452
Actor-1923;22009199
Actor-1924;26147511
Actor-1925;22921611
Actor-1926;20048149
Actor-1927;23145787
Actor-1928;22783499
Actor-1929;25597014
Actor-1930;22813105
Actor-1931;24138230
Actor-1932;24850135
Actor-1933;23529295
Actor-1934;23133492
Actor-1935;23483084
Actor-1936;20953656
Actor-1937;23734564
Actor-1938;24449909
Actor-1939;23546339
Actor-1940;20967256
Actor-1941;20864899
Actor-1942;24588156
Actor-1943;21705627
Actor-1944;20613532
Actor-1945;22981850
Actor-1946;21762042
Actor-1947;19951383
Actor-1948;22283327
Actor-1949;21057229
Actor-1950;21608814
Actor-1951;23199266
Actor-1952;21335789
Actor-1953;20120348
Actor-1954;26230535
Actor-1955;23097539
Actor-1956;21380131
Actor-1957;23582283
Actor-1958;29010818
Actor-1959;23694169
Actor-1960;21564286
Actor-1961;21308962
Actor-1962;30875672
Actor-1963;22263326
Actor-1964;18985775
Actor-1965;21522405
Actor-1966;24672923
Actor-1967;22861906
Actor-1968;22725957
Actor-1969;23808145
Actor-1970;23583121
Actor-1971;20216396
Actor-1972;21306044
Actor-1973;20486418
Actor-1974;21609993
Actor-1975;22328183
Actor-1976;24796838
Actor-1977;24768432
Actor-1978;22052738
Actor-1979;21067561
Actor-1980;28687243
Actor-1981;22614510
Actor-1982;22829427
Actor-1983;22802441
Actor-1984;21711303
Actor-1985;25206211
Actor-1986;25042503
Actor-1987;21641143
Actor-1988;26521222
Actor-1989;33747284
Actor-1990;21494880
Actor-1991;26583005
Actor-1992;20659731
Actor-1993;21538625
Actor-1994;22380785
Actor-1995;20400728
Actor-1996;21277904
Actor-1997;20470608
Actor-1998;22136438
Actor-1999;21881399
Actor-2000;21822715
Actor-2001;24761435
Actor-2002;22808559
Actor-2003;23258720
Actor-2004;24129157
Actor-2005;22150207
Actor-2006;22294214
Actor-2007;22746302
Actor-2008;22381021
Actor-2009;20781810
Actor-2010;22350021
Actor-2011;23712975
Actor-2012;24572379
Actor-2013;24531457
Actor-2014;22815154
Actor-2015;24015892
Actor-2016;34059848
Actor-2017;25243427
Actor-2018;29670965
Actor-2019;26125806
Actor-2020;23876796
Actor-2021;24545472
Actor-2022;27374122
Actor-2023;27021358
Actor-2024;22944078
Actor-2025;23589143
Actor-2026;25273200
Actor-2027;26765409
Actor-2028;27869678
Actor-2029;24377171
Actor-2030;19546339
Actor-2031;19733401
Actor-2032;21592346
Actor-2033;23189944
Actor-2034;21394341
Actor-2035;21871943
Actor-2036;22484594
Actor-2037;21967573
Actor-2038;21219077
Actor-2039;21474182
Actor-2040;21321762
Actor-2041;21636227
Actor-2042;21722007
Actor-2043;20092341
Actor-2044;23199706
Actor-2045;21505164
Actor-2046;22855777
Actor-2047;21678261
Actor-2048;21787571
Actor-2049;20463632
Actor-2050;26562769
Actor-2051;21055617
Actor-2052;24497009
Actor-2053;20835650
Actor-2054;21802323
Actor-2055;24836422
Actor-2056;21540681
Actor-2057;21099776
Actor-2058;21621928
Actor-2059;23965642
Actor-2060;19336683
Actor-2061;21836557
Actor-2062;20985201
Actor-2063;22441015
Actor-2064;22422607
Actor-2065;23820070
Actor-2066;25931167
Actor-2067;21040711
Actor-2068;22397927
Actor-2069;20545567
Actor-2070;20879410
Actor-2071;22326384
Actor-2072;22774306
Actor-2073;22888290
Actor-2074;20698420
Actor-2075;21850922
Actor-2076;23918383
Actor-2077;20346080
Actor-2078;22485267
Actor-2079;26144453
Actor-2080;24746712
Actor-2081;21046324
Actor-2082;24789836
Actor-2083;23046167
Actor-2084;25115682
Actor-2085;27253852
Actor-2086;22464628
Actor-2087;24005452
Actor-2088;22908355
Actor-2089;22432245
Actor-2090;22634093
Actor-2091;22177427
Actor-2092;23922170
Actor-2093;23170183
Actor-2094;23540171
Actor-2095;22430997
Actor-2096;22783463
Actor-2097;24519068
Actor-2098;23993675
Actor-2099;22281111
Actor-2100;21837492
Actor-2101;24042616
Actor-2102;23733076
Actor-2103;21307228
Actor-2104;22918749
Actor-2105;24651445
Actor-2106;21119117
Actor-2107;22627396
Actor-2108;20708930
Actor-2109;23470659
Actor-2110;24218463
Actor-2111;33873344
Actor-2112;21905422
Actor-2113;21566310
Actor-2114;22749309
Actor-2115;22507268
Actor-2116;21669522
Actor-2117;24453540
Actor-2118;23340715
Actor-2119;23025958
Actor-2120;21744267
Actor-2121;25634210
Actor-2122;22108585
Actor-2123;25272988
Actor-2124;25836687
Actor-2125;27345343
Actor-2126;26478069
Actor-2127;28557414
Actor-2128;23018862
Actor-2129;23151332
Actor-2130;23562608
Actor-2131;23003655
Actor-2132;20327820
Actor-2133;25710918
Actor-2134;26347687
Actor-2135;22182300
Actor-2136;27265111
Actor-2137;27003983
Actor-2138;22465312
Actor-2139;26392106
Actor-2140;27209682
Actor-2141;30596811
Actor-2142;34130188
Actor-2143;43658144
Actor-2144;40594473
Actor-2145;41236014
Actor-2146;29968618
Actor-2147;33598352
Actor-2148;29919588
Actor-2149;29149928
Actor-2150;26172222
Actor-2151;24964056
Actor-2152;23994711
Actor-2153;24718827
Actor-2154;21054827
Actor-2155;22466520
Actor-2156;23811069
Actor-2157;22282796
Actor-2158;22231570
Actor-2159;22789876
Actor-2160;26260365
Actor-2161;29125836
Actor-2162;29095437
Actor-2163;27849206
Actor-2164;54097887
Actor-2165;24936936
Actor-2166;29109090
Actor-2167;24087079
Actor-2168;28069672
Actor-2169;31807728
Actor-2170;32032641
Actor-2171;25647622
Actor-2172;25606500
Actor-2173;26685516
Actor-2174;26304903
Actor-2175;28310972
Actor-2176;26268148
Actor-2177;28482111
Actor-2178;26467589
Actor-2179;25313294
Actor-2180;25505931
Actor-2181;32154611
Actor-2182;26917287
Actor-2183;25325195
Actor-2184;24530172
Actor-2185;25768751
Actor-2186;27734861
Actor-2187;26606657
Actor-2188;26646337
Actor-2189;24683891
Actor-2190;28390421
Actor-2191;26201070
Actor-2192;25794695
Actor-2193;32061123
Actor-2194;27927468
Actor-2195;28965021
Actor-2196;28412293
Actor-2197;25635899
Actor-2198;28255930
Actor-2199;31504205
Actor-2200;30222344
Actor-2201;31448718
Actor-2202;35359449
Actor-2203;34150841
Actor-2204;32894841
Actor-2205;39089821
Actor-2206;39429905
Actor-2207;32375713
Actor-2208;24341114
Actor-2209;31323428
Actor-2210;24826676
Actor-2211;30283953
Actor-2212;27919274
Actor-2213;29025886
Actor-2214;29512891
Actor-2215;22158703
Actor-2216;26539767
Actor-2217;24106178
Actor-2218;25973598
Actor-2219;26293378
Actor-2220;27024169
Actor-2221;24559758
Actor-2222;28948320
Actor-2223;36879379
Actor-2224;37505891
Actor-2225;41957997
Actor-2226;29185722
Actor-2227;28310099
Actor-2228;27405656
Actor-2229;24998392
Actor-2230;22937548
Actor-2231;22111742
Actor-2232;25556074
Actor-2233;28724503
Actor-2234;26604676
Actor-2235;29818176
Actor-2236;27544564
Actor-2237;28262227
Actor-2238;27164041
Actor-2239;26517531
Actor-2240;24035587
Actor-2241;27428917
Actor-2242;27442184
Actor-2243;25098175
Actor-2244;26630467
Actor-2245;27128355
Actor-2246;25477917
Actor-2247;25292653
Actor-2248;24061775
Actor-2249;27011810
Actor-2250;26887640
Actor-2251;25999780
Actor-2252;25775640
Actor-2253;26304402
Actor-2254;27293627
Actor-2255;23270956
Actor-2256;25540354
Actor-2257;23547980
Actor-2258;25886206
Actor-2259;27494998
Actor-2260;26381856
Actor-2261;27472899
Actor-2262;26420946
Actor-2263;23391511
Actor-2264;25319344
Actor-2265;26662689
Actor-2266;22879720
Actor-2267;29042496
Actor-2268;27896695
Actor-2269;26498994
Actor-2270;27153453
Actor-2271;31489967
Actor-2272;25266652
Actor-2273;28454216
Actor-2274;29539748
Actor-2275;27030426
Actor-2276;27543614
Actor-2277;29514271
Actor-2278;27849946
Actor-2279;22147304
Actor-2280;24251600
Actor-2281;27282949
Actor-2282;25526622
Actor-2283;28264408
Actor-2284;27161462
Actor-2285;23738128
Actor-2286;26270884
Actor-2287;29040400
Actor-2288;24932519
Actor-2289;27232998
Actor-2290;27137944
Actor-2291;26319135
Actor-2292;26832085
Actor-2293;24399996
Actor-2294;25764963
Actor-2295;25970600
Actor-2296;28259691
Actor-2297;29183219
Actor-2298;24761532
Actor-2299;29456328
Actor-2300;25564293
Actor-2301;26044352
Actor-2302;24661780
Actor-2303;27317452
Actor-2304;24223888
Actor-2305;26744800
Actor-2306;26330096
Actor-2307;26653753
Actor-2308;23727447
Actor-2309;24215689
Actor-2310;26414296
Actor-2311;21675962
Actor-2312;24898330
Actor-2313;26490724
Actor-2314;23470159
Actor-2315;25495847
Actor-2316;23175665
Actor-2317;26539374
Actor-2318;26172750
Actor-2319;27430017
Actor-2320;23539188
Actor-2321;29066373
Actor-2322;33903538
Actor-2323;29705639
Actor-2324;30879036
Actor-2325;36453776
Actor-2326;28710748
Actor-2327;28336482
Actor-2328;23822646
Actor-2329;30328221
Actor-2330;26110124
Actor-2331;28562781
Actor-2332;23345503
Actor-2333;28181855
Actor-2334;27689738
Actor-2335;26276245
Actor-2336;30619877
Actor-2337;33892181
Actor-2338;32843569
Actor-2339;29388905
Actor-2340;30786912
Actor-2341;27931226
Actor-2342;29801518
Actor-2343;29331732
Actor-2344;31514154
Actor-2345;33387732
Actor-2346;29313040
Actor-2347;29087577
Actor-2348;30449262
Actor-2349;34511724
Actor-2350;33863346
Actor-2351;41619447
Actor-2352;34494777
Actor-2353;33386023
Actor-2354;29424314
Actor-2355;29510335
Actor-2356;31506597
Actor-2357;26115491
Actor-2358;28791862
Actor-2359;23466399
Actor-2360;29802772
Actor-2361;26795375
Actor-2362;30963658
Actor-2363;31329357
Actor-2364;28741838
Actor-2365;26125162
Actor-2366;29403916
Actor-2367;28931039
Actor-2368;24817488
Actor-2369;24139420
Actor-2370;26681685
Actor-2371;24902604
Actor-2372;24086652
Actor-2373;28270766
Actor-2374;24320479
Actor-2375;25102515
Actor-2376;24351516
Actor-2377;26551051
Actor-2378;25367637
Actor-2379;26367960
Actor-2380;23550659
Actor-2381;22073578
Actor-2382;24814547
Actor-2383;28376930
Actor-2384;25212910
Actor-2385;22845150
Actor-2386;26803655
Actor-2387;24157434
Actor-2388;22794865
Actor-2389;25612800
Actor-2390;23321574
Actor-2391;22419888
Actor-2392;22602207
Actor-2393;27540806
Actor-2394;26346213
Actor-2395;25150805
Actor-2396;26753027
Actor-2397;26767085
Actor-2398;23180319
Actor-2399;22510870
Actor-2400;26010082
Actor-2401;25493696
Actor-2402;25618631
Actor-2403;27256024
Actor-2404;24945592
Actor-2405;24945052
Actor-2406;24620207
Actor-2407;24722073
Actor-2408;26362440
Actor-2409;22772783
Actor-2410;27294977
Actor-2411;26778521
Actor-2412;24247773
Actor-2413;28185938
Actor-2414;23521517
Actor-2415;28111674
Actor-2416;26688251
Actor-2417;21875736
Actor-2418;25322809
Actor-2419;28754950
Actor-2420;25222255
Actor-2421;25222082
Actor-2422;25375482
Actor-2423;27669288
Actor-2424;26994215
Actor-2425;25324774
Actor-2426;26430255
Actor-2427;24965407
Actor-2428;25335543
Actor-2429;27755382
Actor-2430;24977809
Actor-2431;22921473
Actor-2432;26488632
Actor-2433;26804493
Actor-2434;26834059
Actor-2435;22950130
Actor-2436;29279585
Actor-2437;28759728
Actor-2438;26502694
Actor-2439;25489942
Actor-2440;27514847
Actor-2441;27078910
Actor-2442;27638278
Actor-2443;27946104
Actor-2444;25720291
Actor-2445;25092846
Actor-2446;25726025
Actor-2447;25166534
Actor-2448;21698523
Actor-2449;22775607
Actor-2450;25306558
Actor-2451;25564052
Actor-2452;25062989
Actor-2453;27953032
Actor-2454;26795997
Actor-2455;27092017
Actor-2456;23325274
Actor-2457;23145671
Actor-2458;24938277
Actor-2459;28064556
Actor-2460;22946590
Actor-2461;24925410
Actor-2462;29727593
Actor-2463;24671766
Actor-2464;25813690
Actor-2465;24317367
Actor-2466;22670032
Actor-2467;25273146
Actor-2468;23323427
Actor-2469;26935240
Actor-2470;23765554
Actor-2471;25371188
Actor-2472;23023423
Actor-2473;23753067
Actor-2474;25341057
Actor-2475;23266305
Actor-2476;29717357
Actor-2477;26232216
Actor-2478;25501902
Actor-2479;23174898
Actor-2480;22527025
Actor-2481;25371911
Actor-2482;27059606
Actor-2483;23777466
Actor-2484;27166685
Actor-2485;26005794
Actor-2486;23908209
Actor-2487;23612262
Actor-2488;27885642
Actor-2489;24250594
Actor-2490;27924466
Actor-2491;23867410
Actor-2492;26953172
Actor-2493;29420839
Actor-2494;31553957
Actor-2495;26203006
Actor-2496;24233536
Actor-2497;26760413
Actor-2498;23708230
Actor-2499;24047262
Actor-2500;24410950
Actor-2501;28452917
Actor-2502;23758242
Actor-2503;24899223
Actor-2504;23851815
Actor-2505;22559445
Actor-2506;22713372
Actor-2507;24703347
Actor-2508;21672875
Actor-2509;24270426
Actor-2510;23903604
Actor-2511;25915541
Actor-2512;21548794
Actor-2513;27984327
Actor-2514;25038674
Actor-2515;24637839
Actor-2516;22512185
Actor-2517;24111638
Actor-2518;20661099
Actor-2519;25452529
Actor-2520;25569931
Actor-2521;25373317
Actor-2522;21401523
Actor-2523;21731605
Actor-2524;23854580
Actor-2525;23685479
Actor-2526;23324502
Actor-2527;24085935
Actor-2528;25805681
Actor-2529;25075942
Actor-2530;22043044
Actor-2531;25020575
Actor-2532;23169447
Actor-2533;23930402
Actor-2534;22200862
Actor-2535;22910842
Actor-2536;21633021
Actor-2537;24545989
Actor-2538;25740736
Actor-2539;23439044
Actor-2540;24885040
Actor-2541;23559604
Actor-2542;24139163
Actor-2543;24258093
Actor-2544;26175553
Actor-2545;23760826
Actor-2546;26126559
Actor-2547;23996550
Actor-2548;21883366
Actor-2549;21081967
Actor-2550;23050954
Actor-2551;22860575
Actor-2552;25125058
Actor-2553;24211578
Actor-2554;22442598
Actor-2555;33769066
Actor-2556;22791093
Actor-2557;23808685
Actor-2558;24026240
Actor-2559;25366132
Actor-2560;22198656
Actor-2561;21244537
Actor-2562;24466749
Actor-2563;24675662
Actor-2564;24592454
Actor-2565;20857149
Actor-2566;25178661
Actor-2567;21286915
Actor-2568;23586875
Actor-2569;25040333
Actor-2570;20106268
Actor-2571;23549107
Actor-2572;23269894
Actor-2573;20013032
Actor-2574;25294551
Actor-2575;23799010
Actor-2576;24356459
Actor-2577;22417627
Actor-2578;22675623
Actor-2579;26662053
Actor-2580;24345825
Actor-2581;22010712
Actor-2582;21656092
Actor-2583;25942158
Actor-2584;25897307
Actor-2585;23359734
Actor-2586;23010591
Actor-2587;22340970
Actor-2588;24465461
Actor-2589;24975547
Actor-2590;23372089
Actor-2591;28975812
Actor-2592;22267925
Actor-2593;26230809
Actor-2594;24378663
Actor-2595;28513009
Actor-2596;28221235
Actor-2597;30947196
Actor-2598;26539776
Actor-2599;25177639
Actor-2600;20483777
Actor-2601;22175862
Actor-2602;24418330
Actor-2603;20986998
Actor-2604;24673350
Actor-2605;24540281
Actor-2606;25953523
Actor-2607;26994999
Actor-2608;23940785
Actor-2609;25544326
Actor-2610;26605278
Actor-2611;26883052
Actor-2612;26347478
Actor-2613;22790990
Actor-2614;25786262
Actor-2615;24318525
Actor-2616;27438175
Actor-2617;21710229
Actor-2618;23025333
Actor-2619;22089209
Actor-2620;21088666
Actor-2621;24794900
Actor-2622;24004874
Actor-2623;21983098
Actor-2624;25434641
Actor-2625;24644507
Actor-2626;24186421
Actor-2627;23575121
Actor-2628;24467654
Actor-2629;23501789
Actor-2630;23246892
Actor-2631;23750479
Actor-2632;23495625
Actor-2633;23033358
Actor-2634;24626651
Actor-2635;25232885
Actor-2636;24606389
Actor-2637;24200485
Actor-2638;23610837
Actor-2639;26007120
Actor-2640;23484093
Actor-2641;24182137
Actor-2642;23260211
Actor-2643;24742880
Actor-2644;25443600
Actor-2645;24686789
Actor-2646;21747254
Actor-2647;23589999
Actor-2648;23348831
Actor-2649;26241604
Actor-2650;24149678
Actor-2651;23082897
Actor-2652;25812261
Actor-2653;27077372
Actor-2654;22952345
Actor-2655;23261022
Actor-2656;21706201
Actor-2657;23831915
Actor-2658;23216134
Actor-2659;23028392
Actor-2660;26571068
Actor-2661;23035001
Actor-2662;21579000
Actor-2663;23000946
Actor-2664;22390185
Actor-2665;24974476
Actor-2666;24781598
Actor-2667;23754850
Actor-2668;20270005
Actor-2669;23467110
Actor-2670;25021027
Actor-2671;23685319
Actor-2672;22932929
Actor-2673;21848083
Actor-2674;24049751
Actor-2675;24166188
Actor-2676;26563012
Actor-2677;23838900
Actor-2678;27765542
Actor-2679;24748910
Actor-2680;22677255
Actor-2681;29520503
Actor-2682;28208837
Actor-2683;26331994
Actor-2684;24277450
Actor-2685;24830026
Actor-2686;25578788
Actor-2687;23943130
Actor-2688;30362885
Actor-2689;25549647
Actor-2690;22720038
Actor-2691;24067376
Actor-2692;23540935
Actor-2693;24514575
Actor-2694;30330314
Actor-2695;21944650
Actor-2696;23816407
Actor-2697;23597369
Actor-2698;23649964
Actor-2699;22934158
Actor-2700;26014918
Actor-2701;24896038
Actor-2702;26094646
Actor-2703;23688868
Actor-2704;29534734
Actor-2705;22377097
Actor-2706;24672559
Actor-2707;25252756
Actor-2708;25142996
Actor-2709;24689942
Actor-2710;26513981
Actor-2711;24644775
Actor-2712;23553780
Actor-2713;27460829
Actor-2714;41117245
Actor-2715;24263741
Actor-2716;26324960
Actor-2717;23920951
Actor-2718;23907346
Actor-2719;23626460
Actor-2720;25906830
Actor-2721;23983538
Actor-2722;25555407
Actor-2723;22485525
Actor-2724;23108076
Actor-2725;27241423
Actor-2726;28277346
Actor-2727;24510358
Actor-2728;26908462
Actor-2729;27144219
Actor-2730;27488791
Actor-2731;27649745
Actor-2732;24663159
Actor-2733;28564491
Actor-2734;26435901
Actor-2735;27709790
Actor-2736;26542190
Actor-2737;24618362
Actor-2738;35128244
Actor-2739;26888161
Actor-2740;26349627
Actor-2741;25738003
Actor-2742;27645141
Actor-2743;28917684
Actor-2744;27106761
Actor-2745;27977181
Actor-2746;23305504
Actor-2747;26119274
Actor-2748;26371789
Actor-2749;26703042
Actor-2750;27155484
Actor-2751;26053234
Actor-2752;28452785
Actor-2753;26877056
Actor-2754;25366199
Actor-2755;24431793
Actor-2756;27892298
Actor-2757;30919066
Actor-2758;28320140
Actor-2759;30309130
Actor-2760;24377293
Actor-2761;34650211
Actor-2762;25573481
Actor-2763;25115801
Actor-2764;26820631
Actor-2765;25654039
Actor-2766;26175200
Actor-2767;25169120
Actor-2768;25186462
Actor-2769;23640975
Actor-2770;28488401
Actor-2771;21890239
Actor-2772;26183437
Actor-2773;25515521
Actor-2774;23516238
Actor-2775;27623389
Actor-2776;25216430
Actor-2777;25507382
Actor-2778;24150610
Actor-2779;27688981
Actor-2780;25466347
Actor-2781;25930690
Actor-2782;26059807
Actor-2783;27001609
Actor-2784;29052127
Actor-2785;23386192
Actor-2786;24105057
Actor-2787;27730451
Actor-2788;25996267
Actor-2789;24406187
Actor-2790;23838678
Actor-2791;28081222
Actor-2792;25767964
Actor-2793;28401388
Actor-2794;26209820
Actor-2795;25686476
Actor-2796;27286085
Actor-2797;24980443
Actor-2798;28267645
Actor-2799;25029623
Actor-2800;24810056
Actor-2801;25848105
Actor-2802;27411797
Actor-2803;26458442
Actor-2804;26301499
Actor-2805;27311326
Actor-2806;22820044
Actor-2807;26385083
Actor-2808;24029675
Actor-2809;24638670
Actor-2810;24877495
Actor-2811;27079675
Actor-2812;27149590
Actor-2813;25941067
Actor-2814;27775529
Actor-2815;25572845
Actor-2816;28770559
Actor-2817;27727193
Actor-2818;24369826
Actor-2819;25922790
Actor-2820;27407717
Actor-2821;22453003
Actor-2822;28154491
Actor-2823;25038492
Actor-2824;25234803
Actor-2825;26260351
Actor-2826;26044385
Actor-2827;24161074
Actor-2828;32991735
Actor-2829;23663498
Actor-2830;23654196
Actor-2831;26572798
Actor-2832;23981819
Actor-2833;26335270
Actor-2834;23741656
Actor-2835;24669990
Actor-2836;26751598
Actor-2837;27672873
Actor-2838;27060365
Actor-2839;25791869
Actor-2840;24743813
Actor-2841;26867108
Actor-2842;24211956
Actor-2843;24157830
Actor-2844;25553906
Actor-2845;24818640
Actor-2846;24580464
Actor-2847;25267308
Actor-2848;30976252
Actor-2849;28897718
Actor-2850;30063381
Actor-2851;24094635
Actor-2852;27864941
Actor-2853;25368098
Actor-2854;23580390
Actor-2855;26341452
Actor-2856;24409262
Actor-2857;26714203
Actor-2858;24757317
Actor-2859;25257746
Actor-2860;25831240
Actor-2861;23970218
Actor-2862;24167120
Actor-2863;24997942
Actor-2864;26147771
Actor-2865;27281977
Actor-2866;24047554
Actor-2867;25775500
Actor-2868;27369462
Actor-2869;23209863
Actor-2870;26432393
Actor-2871;28234212
Actor-2872;24458085
Actor-2873;26947759
Actor-2874;23209893
Actor-2875;25395103
Actor-2876;24566284
Actor-2877;23908413
Actor-2878;24849103
Actor-2879;26139967
Actor-2880;27142042
Actor-2881;27142502
Actor-2882;25439211
Actor-2883;26805895
Actor-2884;29448685
Actor-2885;26678388
Actor-2886;29115622
Actor-2887;28244656
Actor-2888;28882394
Actor-2889;31753995
Actor-2890;29972739
Actor-2891;29203079
Actor-2892;26238867
Actor-2893;27047803
Actor-2894;29032434
Actor-2895;29572892
Actor-2896;29407610
Actor-2897;24479534
Actor-2898;26673525
Actor-2899;25047648
Actor-2900;25357455
Actor-2901;26120739
Actor-2902;26946041
Actor-2903;28141814
Actor-2904;26317854
Actor-2905;25437301
Actor-2906;28140397
Actor-2907;30446844
Actor-2908;25679805
Actor-2909;29040347
Actor-2910;25789384
Actor-2911;27444337
Actor-2912;27500736
Actor-2913;24496525
Actor-2914;25497848
Actor-2915;23829891
Actor-2916;25177080
Actor-2917;26919294
Actor-2918;25952264
Actor-2919;26692182
Actor-2920;29850836
Actor-2921;28884945
Actor-2922;28290590
Actor-2923;28054346
Actor-2924;25096960
Actor-2925;26883012
Actor-2926;26415645
Actor-2927;30762932
Actor-2928;28330997
Actor-2929;27769138
Actor-2930;25848947
Actor-2931;28405729
Actor-2932;29498678
Actor-2933;26278870
Actor-2934;26073081
Actor-2935;24862438
Actor-2936;27461322
Actor-2937;26610263
Actor-2938;28185673
Actor-2939;26235065
Actor-2940;26841251
Actor-2941;24615801
Actor-2942;28530729
Actor-2943;26273211
Actor-2944;24416042
Actor-2945;25315279
Actor-2946;23526701
Actor-2947;22105252
Actor-2948;22456078
Actor-2949;26088567
Actor-2950;28137277
Actor-2951;26977853
Actor-2952;29027172
Actor-2953;29899969
Actor-2954;28209393
Actor-2955;29332439
Actor-2956;23930829
Actor-2957;25259575
Actor-2958;25790658
Actor-2959;26037517
Actor-2960;25087032
Actor-2961;26211308
Actor-2962;25819521
Actor-2963;27866946
Actor-2964;22882114
Actor-2965;26295888
Actor-2966;30126119
Actor-2967;25584564
Actor-2968;25210235
Actor-2969;24086372
Actor-2970;28437095
Actor-2971;23033220
Actor-2972;27102557
Actor-2973;24789614
Actor-2974;25203644
Actor-2975;27688214
Actor-2976;29272882
Actor-2977;29813061
Actor-2978;26944356
Actor-2979;27463210
Actor-2980;26529930
Actor-2981;26111130
Actor-2982;24161735
Actor-2983;26733764
Actor-2984;24734624
Actor-2985;26591097
Actor-2986;24557432
Actor-2987;26359505
Actor-2988;24178985
Actor-2989;27177797
Actor-2990;26167089
Actor-2991;27267503
Actor-2992;26691370
Actor-2993;25967060
Actor-2994;26607256
Actor-2995;26979843
Actor-2996;21778868
Actor-2997;25673023
Actor-2998;25027377
Actor-2999;24816532
Actor-3000;24273372
Actor-3001;27274600
Actor-3002;27949529
Actor-3003;23946245
Actor-3004;26449923
Actor-3005;27090317
Actor-3006;25677523
Actor-3007;25695072
Actor-3008;26443250
Actor-3009;26845080
Actor-3010;24589517
Actor-3011;25622343
Actor-3012;25323030
Actor-3013;27566497
Actor-3014;24477164
Actor-3015;23871221
Actor-3016;24953881
Actor-3017;24960786
Actor-3018;28394232
Actor-3019;24533454
Actor-3020;26386687
Actor-3021;25882990
Actor-3022;26869117
Actor-3023;27179656
Actor-3024;25474188
Actor-3025;30484525
Actor-3026;29545776
Actor-3027;30023395
Actor-3028;28487556
Actor-3029;28893727
Actor-3030;27848032
Actor-3031;29054302
Actor-3032;29423391
Actor-3033;27793891
Actor-3034;27450234
Actor-3035;27120255
Actor-3036;28445937
Actor-3037;27840545
Actor-3038;28547650
Actor-3039;35635057
Actor-3040;35707394
Actor-3041;31192037
Actor-3042;32604828
Actor-3043;26356788
Actor-3044;27414275
Actor-3045;24985178
Actor-3046;27757383
Actor-3047;27035276
Actor-3048;27941807
Actor-3049;28283462
Actor-3050;26389477
Actor-3051;29450944
Actor-3052;27309998
Actor-3053;26917444
Actor-3054;25845846
Actor-3055;27463173
Actor-3056;26032412
Actor-3057;26021203
Actor-3058;25689687
Actor-3059;28113575
Actor-3060;27989692
Actor-3061;26110363
Actor-3062;24933341
Actor-3063;26900441
Actor-3064;26312612
Actor-3065;25773936
Actor-3066;26991479
Actor-3067;25436778
Actor-3068;25716071
Actor-3069;25820475
Actor-3070;27466912
Actor-3071;25313793
Actor-3072;27600153
Actor-3073;28628172
Actor-3074;26912627
Actor-3075;24001868
Actor-3076;26116358
Actor-3077;25261029
Actor-3078;24848685
Actor-3079;26661395
Actor-3080;25159840
Actor-3081;27215756
Actor-3082;30226329
Actor-3083;29461048
Actor-3084;28078350
Actor-3085;28133966
Actor-3086;27384360
Actor-3087;26295633
Actor-3088;26209366
Actor-3089;25129098
Actor-3090;26209207
Actor-3091;26084536
Actor-3092;23417131
Actor-3093;23315244
Actor-3094;26180769
Actor-3095;26959996
Actor-3096;28618141
Actor-3097;25916208
Actor-3098;25461729
Actor-3099;23197854
Actor-3100;24716184
Actor-3101;25460164
Actor-3102;26597194
Actor-3103;26479435
Actor-3104;26712755
Actor-3105;25044523
Actor-3106;26314756
Actor-3107;27438756
Actor-3108;24319837
Actor-3109;26733803
Actor-3110;26095128
Actor-3111;25675579
Actor-3112;27007862
Actor-3113;25014737
Actor-3114;26393055
Actor-3115;24174419
Actor-3116;25436305
Actor-3117;26014739
Actor-3118;25909156
Actor-3119;29220948
Actor-3120;30252402
Actor-3121;27166952
Actor-3122;29785699
Actor-3123;25414463
Actor-3124;28707496
Actor-3125;29341325
Actor-3126;27964762
Actor-3127;29862307
Actor-3128;26509893
Actor-3129;27961964
Actor-3130;26173574
Actor-3131;25209873
Actor-3132;24343301
Actor-3133;24369352
Actor-3134;24621915
Actor-3135;25625174
Actor-3136;25487039
Actor-3137;23506183
Actor-3138;27995715
Actor-3139;25181754
Actor-3140;28616383
Actor-3141;26738669
Actor-3142;25810449
Actor-3143;26792721
Actor-3144;25437763
Actor-3145;26138529
Actor-3146;24027345
Actor-3147;25293411
Actor-3148;24803154
Actor-3149;26677460
Actor-3150;23918611
Actor-3151;25467370
Actor-3152;28686254
Actor-3153;27718527
Actor-3154;27401574
Actor-3155;21725635
Actor-3156;26044547
Actor-3157;25577868
Actor-3158;24841688
Actor-3159;24530128
Actor-3160;25853990
Actor-3161;28005490
Actor-3162;25878701
Actor-3163;28502198
Actor-3164;28344308
Actor-3165;22669289
Actor-3166;27643687
Actor-3167;25301597
Actor-3168;25438331
Actor-3169;22809411
Actor-3170;23176503
Actor-3171;22380211
Actor-3172;24661598
Actor-3173;23416282
Actor-3174;23454997
Actor-3175;27010640
Actor-3176;24657285
Actor-3177;23415735
Actor-3178;24618652
Actor-3179;25442491
Actor-3180;23215778
Actor-3181;24117949
Actor-3182;25760272
Actor-3183;27017091
Actor-3184;25883478
Actor-3185;25380578
Actor-3186;25918268
Actor-3187;23540213
Actor-3188;24644615
Actor-3189;23892220
Actor-3190;26675207
Actor-3191;25707041
Actor-3192;25686333
Actor-3193;25218266
Actor-3194;26162595
Actor-3195;28347782
Actor-3196;25926949
Actor-3197;25316769
Actor-3198;26709284
Actor-3199;26219030
Actor-3200;24321241
Actor-3201;25669630
Actor-3202;29087195
Actor-3203;24170462
Actor-3204;25375405
Actor-3205;25368382
Actor-3206;24757146
Actor-3207;25201473
Actor-3208;22941468
Actor-3209;25877190
Actor-3210;26655676
Actor-3211;24659772
Actor-3212;25513809
Actor-3213;25257919
Actor-3214;23619910
Actor-3215;24412779
Actor-3216;26602640
Actor-3217;24118686
Actor-3218;26755870
Actor-3219;24184486
Actor-3220;23724087
Actor-3221;29121691
Actor-3222;25257905
Actor-3223;26468003
Actor-3224;26667455
Actor-3225;23494695
Actor-3226;26846139
Actor-3227;25207685
Actor-3228;25366002
Actor-3229;23462480
Actor-3230;25778063
Actor-3231;27322612
Actor-3232;23002976
Actor-3233;26037598
Actor-3234;26336312
Actor-3235;23868560
Actor-3236;24685801
Actor-3237;24932510
Actor-3238;24552034
Actor-3239;24948153
Actor-3240;23083187
Actor-3241;24917166
Actor-3242;30048865
Actor-3243;24121289
Actor-3244;22997196
Actor-3245;24286657
Actor-3246;24139218
Actor-3247;25819335
Actor-3248;25615422
Actor-3249;24876571
Actor-3250;25243730
Actor-3251;25314401
Actor-3252;25341841
Actor-3253;23578523
Actor-3254;26648315
Actor-3255;27450346
Actor-3256;24402067
Actor-3257;23356930
Actor-3258;24022574
Actor-3259;24685907
Actor-3260;23975690
Actor-3261;25811807
Actor-3262;26049250
Actor-3263;27047639
Actor-3264;29841764
Actor-3265;26169575
Actor-3266;24638280
Actor-3267;24890714
Actor-3268;26817972
Actor-3269;22918804
Actor-3270;26234294
Actor-3271;24061920
Actor-3272;23801302
Actor-3273;25558631
Actor-3274;25763724
Actor-3275;29598492
Actor-3276;28188209
Actor-3277;27954434
Actor-3278;24864925
Actor-3279;28566226
Actor-3280;26919751
Actor-3281;25805005
Actor-3282;26759858
Actor-3283;27930965
Actor-3284;23277525
Actor-3285;24424188
Actor-3286;26683450
Actor-3287;26677020
Actor-3288;23693275
Actor-3289;26558195
Actor-3290;26353463
Actor-3291;23606975
Actor-3292;24646429
Actor-3293;24735385
Actor-3294;26597560
Actor-3295;27465844
Actor-3296;25098119
Actor-3297;24749960
Actor-3298;26444403
Actor-3299;25959264
Actor-3300;22305111
Actor-3301;24611610
Actor-3302;23094155
Actor-3303;26168521
Actor-3304;25614979
Actor-3305;24577527
Actor-3306;23999582
Actor-3307;23420254
Actor-3308;26196937
Actor-3309;24219284
Actor-3310;23146804
Actor-3311;22822700
Actor-3312;23967361
Actor-3313;26171427
Actor-3314;26816031
Actor-3315;25072455
Actor-3316;25472811
Actor-3317;25839160
Actor-3318;24081423
Actor-3319;28444925
Actor-3320;23844411
Actor-3321;26408500
Actor-3322;26645273
Actor-3323;24375213
Actor-3324;27454731
Actor-3325;25551790
Actor-3326;30782160
Actor-3327;28267118
Actor-3328;27167969
Actor-3329;27589718
Actor-3330;25788259
Actor-3331;25801119
Actor-3332;26351363
Actor-3333;29041342
Actor-3334;25561361
Actor-3335;28648431
Actor-3336;31214661
Actor-3337;27861335
Actor-3338;24336071
Actor-3339;27456395
Actor-3340;25908809
Actor-3341;27170703
Actor-3342;29981242
Actor-3343;27945073
Actor-3344;24359511
Actor-3345;27126156
Actor-3346;23565423
Actor-3347;26408734
Actor-3348;28579263
Actor-3349;25013843
Actor-3350;24440731
Actor-3351;23534368
Actor-3352;25239134
Actor-3353;25840252
Actor-3354;27317435
Actor-3355;24761444
Actor-3356;26269442
Actor-3357;27253529
Actor-3358;24970466
Actor-3359;25093093
Actor-3360;26127293
Actor-3361;27402462
Actor-3362;26301439
Actor-3363;24425901
Actor-3364;28195399
Actor-3365;25682090
Actor-3366;27118693
Actor-3367;26152375
Actor-3368;25622161
Actor-3369;27672619
Actor-3370;27591232
Actor-3371;26693826
Actor-3372;24982119
Actor-3373;25441124
Actor-3374;26105006
Actor-3375;26784459
Actor-3376;26967100
Actor-3377;24359560
Actor-3378;25932101
Actor-3379;27598511
Actor-3380;24990375
Actor-3381;24245496
Actor-3382;26413557
Actor-3383;25411524
Actor-3384;25444520
Actor-3385;26729882
Actor-3386;29455891
Actor-3387;26471418
Actor-3388;31234737
Actor-3389;27212105
Actor-3390;27193055
Actor-3391;26566026
Actor-3392;27274553
Actor-3393;26871947
Actor-3394;25920178
Actor-3395;27384610
Actor-3396;25302239
Actor-3397;25618989
Actor-3398;26505997
Actor-3399;28023255
Actor-3400;26101730
Actor-3401;29464861
Actor-3402;26880341
Actor-3403;26590407
Actor-3404;24241615
Actor-3405;25493826
Actor-3406;28445779
Actor-3407;24953432
Actor-3408;32485348
Actor-3409;27272994
Actor-3410;29656435
Actor-3411;28993196
Actor-3412;24017346
Actor-3413;29476101
Actor-3414;29601234
Actor-3415;30510184
Actor-3416;28064164
Actor-3417;27769314
Actor-3418;28576917
Actor-3419;27833202
Actor-3420;26388213
Actor-3421;26638765
Actor-3422;29614813
Actor-3423;27855266
Actor-3424;24712302
Actor-3425;26778608
Actor-3426;26518097
Actor-3427;27159003
Actor-3428;26956315
Actor-3429;25707446
Actor-3430;30721911
Actor-3431;26934376
Actor-3432;27871224
Actor-3433;26181123
Actor-3434;29045078
Actor-3435;27492524
Actor-3436;25996100
Actor-3437;26239374
Actor-3438;28553643
Actor-3439;27857978
Actor-3440;26020796
Actor-3441;25479465
Actor-3442;29106569
Actor-3443;24137314
Actor-3444;27218045
Actor-3445;27341111
Actor-3446;29054261
Actor-3447;27603244
Actor-3448;25783450
Actor-3449;28206545
Actor-3450;25880003
Actor-3451;27740756
Actor-3452;31065678
Actor-3453;26962415
Actor-3454;26265461
Actor-3455;24688111
Actor-3456;26274905
Actor-3457;28374082
Actor-3458;28874241
Actor-3459;28995165
Actor-3460;29380149
Actor-3461;26324687
Actor-3462;27339347
Actor-3463;26292209
Actor-3464;26138984
Actor-3465;24511456
Actor-3466;28275749
Actor-3467;30028696
Actor-3468;27219420
Actor-3469;26194627
Actor-3470;26633063
Actor-3471;26126837
Actor-3472;29816040
Actor-3473;26384337
Actor-3474;26542475
Actor-3475;27824244
Actor-3476;28774438
Actor-3477;27500116
Actor-3478;25635699
Actor-3479;28203691
Actor-3480;27140232
Actor-3481;26133440
Actor-3482;28071974
Actor-3483;27023486
Actor-3484;24181352
Actor-3485;26487080
Actor-3486;26628155
Actor-3487;25535502
Actor-3488;28486718
Actor-3489;24829226
Actor-3490;27601279
Actor-3491;27789353
Actor-3492;29781959
Actor-3493;25913631
Actor-3494;28501024
Actor-3495;26888635
Actor-3496;27366919
Actor-3497;26621838
Actor-3498;27523051
Actor-3499;25171590
Actor-3500;25929858
Actor-3501;25585261
Actor-3502;26283749
Actor-3503;28288578
Actor-3504;27898249
Actor-3505;27153260
Actor-3506;28093909
Actor-3507;25319534
Actor-3508;28042244
Actor-3509;25161770
Actor-3510;26586413
Actor-3511;29921538
Actor-3512;25491611
Actor-3513;30267868
Actor-3514;27678859
Actor-3515;27244813
Actor-3516;28100799
Actor-3517;28328186
Actor-3518;29795129
Actor-3519;27062381
Actor-3520;27585758
Actor-3521;29072896
Actor-3522;27914306
Actor-3523;29396253
Actor-3524;30493371
Actor-3525;28533218
Actor-3526;25271357
Actor-3527;25197112
Actor-3528;30543334
Actor-3529;31459483
Actor-3530;36832799
Actor-3531;28135643
Actor-3532;30018135
Actor-3533;26110528
Actor-3534;29130330
Actor-3535;30019310
Actor-3536;28552614
Actor-3537;26436941
Actor-3538;26771454
Actor-3539;24069591
Actor-3540;28328588
Actor-3541;24701116
Actor-3542;26454778
Actor-3543;28671703
Actor-3544;26421307
Actor-3545;25988029
Actor-3546;27660107
Actor-3547;26688300
Actor-3548;28585020
Actor-3549;28036562
Actor-3550;28091715
Actor-3551;27796674
Actor-3552;27041860
Actor-3553;30451751
Actor-3554;29664966
Actor-3555;26137167
Actor-3556;25811138
Actor-3557;31249947
Actor-3558;34799733
Actor-3559;32166355
Actor-3560;31979034
Actor-3561;26757399
Actor-3562;29732572
Actor-3563;27967747
Actor-3564;30198451
Actor-3565;27270141
Actor-3566;30059282
Actor-3567;26568828
Actor-3568;26277128
Actor-3569;25373540
Actor-3570;27469635
Actor-3571;27660744
Actor-3572;28130353
Actor-3573;28161555
Actor-3574;27903134
Actor-3575;26274652
Actor-3576;27174647
Actor-3577;27461950
Actor-3578;26205566
Actor-3579;25437739
Actor-3580;26973452
Actor-3581;27117932
Actor-3582;26843085
Actor-3583;28121316
Actor-3584;25176254
Actor-3585;36298031
Actor-3586;28035923
Actor-3587;27969890
Actor-3588;28935511
Actor-3589;28392522
Actor-3590;23838827
Actor-3591;25610212
Actor-3592;24346094
Actor-3593;28150042
Actor-3594;27277246
Actor-3595;28102064
Actor-3596;28185763
Actor-3597;28368268
Actor-3598;28666948
Actor-3599;28367687
Actor-3600;27782630
Actor-3601;25643511
Actor-3602;26903768
Actor-3603;28818891
Actor-3604;26972247
Actor-3605;33171618
Actor-3606;30659794
Actor-3607;31105248
Actor-3608;31544046
Actor-3609;28857805
Actor-3610;29622803
Actor-3611;27200200
Actor-3612;26307892
Actor-3613;28542787
Actor-3614;28548335
Actor-3615;29332462
Actor-3616;28967779
Actor-3617;25933245
Actor-3618;31019188
Actor-3619;26132365
Actor-3620;28066888
Actor-3621;28614758
Actor-3622;28815610
Actor-3623;29478653
Actor-3624;26662037
Actor-3625;28114037
Actor-3626;29204222
Actor-3627;26754982
Actor-3628;31354515
Actor-3629;30084093
Actor-3630;29924566
Actor-3631;30954531
Actor-3632;28702545
Actor-3633;28609625
Actor-3634;26062717
Actor-3635;29827028
Actor-3636;28627251
Actor-3637;28515371
Actor-3638;32656855
Actor-3639;27295830
Actor-3640;29308491
Actor-3641;27975716
Actor-3642;30220955
Actor-3643;26974879
Actor-3644;30807298
Actor-3645;34621355
Actor-3646;31052747
Actor-3647;29486889
Actor-3648;27858167
Actor-3649;27828944
Actor-3650;29538168
Actor-3651;27857089
Actor-3652;26769878
Actor-3653;27916178
Actor-3654;28319888
Actor-3655;25016153
Actor-3656;29924683
Actor-3657;30284989
Actor-3658;28961655
Actor-3659;27669927
Actor-3660;28760491
Actor-3661;29519644
Actor-3662;28867442
Actor-3663;29904389
Actor-3664;28053395
Actor-3665;30342751
Actor-3666;27885822
Actor-3667;32123873
Actor-3668;28032348
Actor-3669;30807182
Actor-3670;32118853
Actor-3671;33424771
Actor-3672;30937766
Actor-3673;28449690
Actor-3674;30116029
Actor-3675;36587444
Actor-3676;41364291
Actor-3677;37405167
Actor-3678;35806475
Actor-3679;34665593
Actor-3680;40464577
Actor-3681;38299789
Actor-3682;30387250
Actor-3683;31104811
Actor-3684;33118573
Actor-3685;30771524
Actor-3686;30546266
Actor-3687;30429517
Actor-3688;30496530
Actor-3689;27968683
Actor-3690;30400028
Actor-3691;28563673
Actor-3692;28813597
Actor-3693;29124111
Actor-3694;28486946
Actor-3695;29148027
Actor-3696;27758507
Actor-3697;29567823
Actor-3698;29279954
Actor-3699;27398832
Actor-3700;28451315
Actor-3701;26091383
Actor-3702;27750840
Actor-3703;31980436
Actor-3704;31764348
Actor-3705;29991892
Actor-3706;29801113
Actor-3707;28703933
Actor-3708;30211821
Actor-3709;32033105
Actor-3710;28385384
Actor-3711;30519313
Actor-3712;29260112
Actor-3713;29160102
Actor-3714;30598013
Actor-3715;27497220
Actor-3716;29965802
Actor-3717;28248358
Actor-3718;28860174
Actor-3719;30617538
Actor-3720;29899549
Actor-3721;29640436
Actor-3722;29866849
Actor-3723;29594870
Actor-3724;29591530
Actor-3725;26629714
Actor-3726;30458680
Actor-3727;32156781
Actor-3728;28563128
Actor-3729;28607193
Actor-3730;29504118
Actor-3731;30326984
Actor-3732;29503790
Actor-3733;25125966
Actor-3734;29891210
Actor-3735;29133953
Actor-3736;29673377
Actor-3737;28609310
Actor-3738;25705416
Actor-3739;27629285
Actor-3740;29195432
Actor-3741;28239086
Actor-3742;28415974
Actor-3743;28324581
Actor-3744;30425866
Actor-3745;29256542
Actor-3746;28826389
Actor-3747;28430275
Actor-3748;29788097
Actor-3749;29519599
Actor-3750;28445877
Actor-3751;30523219
Actor-3752;29634663
Actor-3753;29484115
Actor-3754;29247755
Actor-3755;28150933
Actor-3756;28867030
Actor-3757;29562819
Actor-3758;30150979
Actor-3759;29424358
Actor-3760;29927397
Actor-3761;29341517
Actor-3762;29647928
Actor-3763;30006596
Actor-3764;29998055
Actor-3765;29847565
Actor-3766;27395801
Actor-3767;30078010
Actor-3768;29340974
Actor-3769;30379451
Actor-3770;31147412
Actor-3771;30849128
Actor-3772;29969571
Actor-3773;27509042
Actor-3774;32210661
Actor-3775;28617696
Actor-3776;34821237
Actor-3777;31466786
Actor-3778;29641169
Actor-3779;30746674
Actor-3780;27079884
Actor-3781;30123038
Actor-3782;29432665
Actor-3783;28562896
Actor-3784;32002656
Actor-3785;31290140
Actor-3786;31122831
Actor-3787;30435476
Actor-3788;30477512
Actor-3789;29641169
Actor-3790;30509551
Actor-3791;30266070
Actor-3792;30094636
Actor-3793;29809921
Actor-3794;31578194
Actor-3795;27854784
Actor-3796;29638476
Actor-3797;26683835
Actor-3798;31527592
Actor-3799;30989454
Actor-3800;30123148
Actor-3801;30293572
Actor-3802;30484723
Actor-3803;32403773
Actor-3804;28396082
Actor-3805;31919079
Actor-3806;31846174
Actor-3807;28452557
Actor-3808;30005526
Actor-3809;31192248
Actor-3810;31845092
Actor-3811;29938412
Actor-3812;32062760
Actor-3813;30303711
Actor-3814;29905761
Actor-3815;32653160
Actor-3816;32169834
Actor-3817;28511033
Actor-3818;33482296
Actor-3819;28126537
Actor-3820;34242085
Actor-3821;32340206
Actor-3822;30009903
Actor-3823;29851544
Actor-3824;30170334
Actor-3825;31053118
Actor-3826;30982526
Actor-3827;32679456
Actor-3828;31227203
Actor-3829;31901707
Actor-3830;33586828
Actor-3831;27948699
Actor-3832;29287580
Actor-3833;32923194
Actor-3834;32105440
Actor-3835;30459232
Actor-3836;33916404
Actor-3837;31775005
Actor-3838;31550575
Actor-3839;40019924
Actor-3840;34242866
Actor-3841;32203844
Actor-3842;32670776
Actor-3843;34284504
Actor-3844;36589325
Actor-3845;32786468
Actor-3846;33450374
Actor-3847;31218349
Actor-3848;32766884
Actor-3849;30709862
Actor-3850;33332119
Actor-3851;31406434
Actor-3852;32558907
Actor-3853;32390867
Actor-3854;31270475
Actor-3855;32998488
Actor-3856;32765248
Actor-3857;31257573
Actor-3858;28115874
Actor-3859;30003037
Actor-3860;31046093
Actor-3861;28658222
Actor-3862;29855155
Actor-3863;30401976
Actor-3864;30626908
Actor-3865;28946569
Actor-3866;31793334
Actor-3867;32597173
Actor-3868;30584842
Actor-3869;32985157
Actor-3870;31765939
Actor-3871;32884114
Actor-3872;29253769
Actor-3873;31923900
Actor-3874;31832771
Actor-3875;29055790
Actor-3876;33430863
Actor-3877;29036630
Actor-3878;33753332
Actor-3879;34829906
Actor-3880;32290767
Actor-3881;36889801
Actor-3882;36482422
Actor-3883;34247334
Actor-3884;37224534
Actor-3885;34149238
Actor-3886;37763849
Actor-3887;36604949
Actor-3888;32355555
Actor-3889;37035149
Actor-3890;39789057
Actor-3891;33759830
Actor-3892;31631994
Actor-3893;31368944
Actor-3894;33205223
Actor-3895;31725995
Actor-3896;32196058
Actor-3897;33961205
Actor-3898;35422730
Actor-3899;33429056
Actor-3900;31312052
Actor-3901;31482580
Actor-3902;33129546
Actor-3903;35095197
Actor-3904;32984847
Actor-3905;35881233
Actor-3906;31936536
Actor-3907;36353766
Actor-3908;32408408
Actor-3909;34055167
Actor-3910;36103553
Actor-3911;33918591
Actor-3912;30185752
Actor-3913;34818669
Actor-3914;33311565
Actor-3915;32567159
Actor-3916;31688696
Actor-3917;31927847
Actor-3918;33282362
Actor-3919;33959408
Actor-3920;33235885
Actor-3921;33091903
Actor-3922;33393659
Actor-3923;32504326
Actor-3924;32676337
Actor-3925;33886804
Actor-3926;31560030
Actor-3927;31129685
Actor-3928;31023131
Actor-3929;30750619
Actor-3930;33696526
Actor-3931;29628838
Actor-3932;31912534
Actor-3933;31612079
Actor-3934;34097638
Actor-3935;31345651
Actor-3936;31642707
Actor-3937;32407725
Actor-3938;30465910
Actor-3939;33848085
Actor-3940;32416720
Actor-3941;33565661
Actor-3942;33917194
Actor-3943;34081834
Actor-3944;31493669
Actor-3945;31144234
Actor-3946;30216693
Actor-3947;32945736
Actor-3948;33486537
Actor-3949;31211655
Actor-3950;34331689
Actor-3951;33754864
Actor-3952;30375803
Actor-3953;32060167
Actor-3954;32243620
Actor-3955;31632614
Actor-3956;30823938
Actor-3957;32668827
Actor-3958;30264285
Actor-3959;30908227
Actor-3960;32140973
Actor-3961;29356788
Actor-3962;33045600
Actor-3963;32382001
Actor-3964;34324533
Actor-3965;32998575
Actor-3966;31641751
Actor-3967;33175732
Actor-3968;33404696
Actor-3969;28576612
Actor-3970;33014763
Actor-3971;30832763
Actor-3972;29270079
Actor-3973;29911583
Actor-3974;30898851
Actor-3975;32179575
Actor-3976;33447423
Actor-3977;32660563
Actor-3978;31187231
Actor-3979;32030946
Actor-3980;31421260
Actor-3981;36772774
Actor-3982;29353492
Actor-3983;29747932
Actor-3984;31592833
Actor-3985;33017893
Actor-3986;36068772
Actor-3987;31432988
Actor-3988;31413555
Actor-3989;33456409
Actor-3990;30532033
Actor-3991;30954442
Actor-3992;31776717
Actor-3993;32260856
Actor-3994;32364563
Actor-3995;32298911
Actor-3996;35154889
Actor-3997;33447560
Actor-3998;28309314
Actor-3999;30497736
Actor-4000;32258330
Actor-4001;29328331
Actor-4002;33860464
Actor-4003;31077571
Actor-4004;28677342
Actor-4005;31180734
Actor-4006;30816971
Actor-4007;31708388
Actor-4008;30620009
Actor-4009;31037437
Actor-4010;30378378
Actor-4011;31711350
Actor-4012;34133937
Actor-4013;28911630
Actor-4014;30689166
Actor-4015;33809211
Actor-4016;34029977
Actor-4017;32949826
Actor-4018;32448385
Actor-4019;33651983
Actor-4020;34549546
Actor-4021;29635674
Actor-4022;31992927
Actor-4023;28720899
Actor-4024;31585115
Actor-4025;30403557
Actor-4026;31355889
Actor-4027;34542804
Actor-4028;36250031
Actor-4029;37527257
Actor-4030;33713892
Actor-4031;34660036
Actor-4032;32166416
Actor-4033;31962914
Actor-4034;33937231
Actor-4035;30947319
Actor-4036;34987246
Actor-4037;28210091
Actor-4038;30629685
Actor-4039;29926342
Actor-4040;32946579
Actor-4041;31723947
Actor-4042;28274634
Actor-4043;29037549
Actor-4044;31854657
Actor-4045;28325530
Actor-4046;29442196
Actor-4047;32127543
Actor-4048;32547147
Actor-4049;31917525
Actor-4050;31923027
Actor-4051;31159736
Actor-4052;35202877
Actor-4053;29873415
Actor-4054;32259905
Actor-4055;31872761
Actor-4056;35256691
Actor-4057;34164373
Actor-4058;35424850
Actor-4059;33439101
Actor-4060;33791082
Actor-4061;33271364
Actor-4062;35511616
Actor-4063;32599166
Actor-4064;33410648
Actor-4065;34238889
Actor-4066;34199825
Actor-4067;30445260
Actor-4068;32173128
Actor-4069;31766207
Actor-4070;29655025
Actor-4071;32331152
Actor-4072;32763993
Actor-4073;32681377
Actor-4074;31078112
Actor-4075;32109249
Actor-4076;30250992
Actor-4077;34788814
Actor-4078;32607987
Actor-4079;35209000
Actor-4080;33940700
Actor-4081;33888197
Actor-4082;31110408
Actor-4083;33086945
Actor-4084;31774815
Actor-4085;33340961
Actor-4086;34365877
Actor-4087;28659811
Actor-4088;33566471
Actor-4089;33567029
Actor-4090;35919376
Actor-4091;30675234
Actor-4092;32125562
Actor-4093;34918515
Actor-4094;29669515
Actor-4095;30917587
Actor-4096;34064331
Actor-4097;33112045
Actor-4098;33321783
Actor-4099;35214633
Actor-4100;31940826
Actor-4101;31716652
Actor-4102;31694660
Actor-4103;29191454
Actor-4104;35104853
Actor-4105;33938985
Actor-4106;33828756
Actor-4107;36286047
Actor-4108;36493099
Actor-4109;33468587
Actor-4110;29991969
Actor-4111;32135388
Actor-4112;31047220
Actor-4113;33622396
Actor-4114;37124283
Actor-4115;33859588
Actor-4116;28633400
Actor-4117;33421984
Actor-4118;31015900
Actor-4119;30053128
Actor-4120;30484147
Actor-4121;31553147
Actor-4122;31975727
Actor-4123;32817649
Actor-4124;30578832
Actor-4125;35565338
Actor-4126;32983766
Actor-4127;31074407
Actor-4128;32503237
Actor-4129;29864190
Actor-4130;32802254
Actor-4131;31553745
Actor-4132;32433129
Actor-4133;31870502
Actor-4134;30817630
Actor-4135;32130683
Actor-4136;31940699
Actor-4137;32518959
Actor-4138;31387524
Actor-4139;30779468
Actor-4140;33182271
Actor-4141;34102285
Actor-4142;31975457
Actor-4143;32599539
Actor-4144;32044376
Actor-4145;33466553
Actor-4146;28609269
Actor-4147;30985910
Actor-4148;28140689
Actor-4149;31923535
Actor-4150;31173400
Actor-4151;30513946
Actor-4152;31561595
Actor-4153;32320098
Actor-4154;36245187
Actor-4155;31585484
Actor-4156;30842913
Actor-4157;32233838
Actor-4158;38236914
Actor-4159;32096278
Actor-4160;35621622
Actor-4161;31085386
Actor-4162;30279608
Actor-4163;30726370
Actor-4164;32196935
Actor-4165;29494071
Actor-4166;37790361
Actor-4167;31844595
Actor-4168;31933110
Actor-4169;33426509
Actor-4170;31773720
Actor-4171;30780854
Actor-4172;32847881
Actor-4173;32990721
Actor-4174;31665380
Actor-4175;32590314
Actor-4176;30876109
Actor-4177;34721724
Actor-4178;33251342
Actor-4179;32352400
Actor-4180;30945031
Actor-4181;32038043
Actor-4182;34191388
Actor-4183;35773938
Actor-4184;32763284
Actor-4185;32581174
Actor-4186;35772168
Actor-4187;34660373
Actor-4188;39985942
Actor-4189;32142577
Actor-4190;31717238
Actor-4191;34691829
Actor-4192;33119045
Actor-4193;33493391
Actor-4194;31698643
Actor-4195;33428452
Actor-4196;31326946
Actor-4197;31824707
Actor-4198;32604952
Actor-4199;32162788
Actor-4200;31819089
Actor-4201;34455521
Actor-4202;32943911
Actor-4203;31821278
Actor-4204;35529509
Actor-4205;36946201
Actor-4206;32182768
Actor-4207;31540100
Actor-4208;28815316
Actor-4209;40069219
Actor-4210;38711140
Actor-4211;44983974
Actor-4212;42766325
Actor-4213;34242069
Actor-4214;33990581
Actor-4215;34628239
Actor-4216;34348589
Actor-4217;35697092
Actor-4218;34877258
Actor-4219;35908494
Actor-4220;37363115
Actor-4221;40957262
Actor-4222;37074815
Actor-4223;33311554
Actor-4224;37686042
Actor-4225;33126164
Actor-4226;30863333
Actor-4227;34118747
Actor-4228;34397504
Actor-4229;34492494
Actor-4230;34235286
Actor-4231;32256341
Actor-4232;32415434
Actor-4233;31281738
Actor-4234;31361528
Actor-4235;31314373
Actor-4236;31188278
Actor-4237;32399048
Actor-4238;31020706
Actor-4239;35331601
Actor-4240;36358495
Actor-4241;35714056
Actor-4242;37251552
Actor-4243;36471551
Actor-4244;31041819
Actor-4245;35607124
Actor-4246;32513996
Actor-4247;34636801
Actor-4248;35417982
Actor-4249;37433295
Actor-4250;33306597
Actor-4251;32754717
Actor-4252;33541800
Actor-4253;34023179
Actor-4254;33948441
Actor-4255;33388650
Actor-4256;34174941
Actor-4257;33351168
Actor-4258;38399311
Actor-4259;36133736
Actor-4260;40166719
Actor-4261;32089692
Actor-4262;35502899
Actor-4263;35062426
Actor-4264;33503348
Actor-4265;36042815
Actor-4266;32213494
Actor-4267;32611059
Actor-4268;31672322
Actor-4269;32635518
Actor-4270;30693720
Actor-4271;32320570
Actor-4272;32682406
Actor-4273;33572102
Actor-4274;28650099
Actor-4275;33011770
Actor-4276;32524798
Actor-4277;32686429
Actor-4278;31221124
Actor-4279;32618198
Actor-4280;33284115
Actor-4281;31886582
Actor-4282;30169566
Actor-4283;30213498
Actor-4284;34769792
Actor-4285;32026217
Actor-4286;34257228
Actor-4287;34922258
Actor-4288;37817552
Actor-4289;35350051
Actor-4290;32625803
Actor-4291;33564922
Actor-4292;34087478
Actor-4293;34595186
Actor-4294;32257559
Actor-4295;33657344
Actor-4296;32362763
Actor-4297;30293046
Actor-4298;31449962
Actor-4299;34481372
Actor-4300;34721181
Actor-4301;34505187
Actor-4302;38380318
Actor-4303;32529240
Actor-4304;33229807
Actor-4305;37808019
Actor-4306;32596260
Actor-4307;32104853
Actor-4308;31090681
Actor-4309;32260302
Actor-4310;34182746
Actor-4311;32308760
Actor-4312;29164416
Actor-4313;35501918
Actor-4314;29934949
Actor-4315;33218870
Actor-4316;32069642
Actor-4317;33174094
Actor-4318;32884773
Actor-4319;31039408
Actor-4320;31711530
Actor-4321;33050699
Actor-4322;32395696
Actor-4323;32451240
Actor-4324;34105183
Actor-4325;31352027
Actor-4326;31908422
Actor-4327;29424609
Actor-4328;34890934
Actor-4329;32987529
Actor-4330;33063688
Actor-4331;36236175
Actor-4332;34655723
Actor-4333;34140735
Actor-4334;34366967
Actor-4335;34497907
Actor-4336;34960130
Actor-4337;33227915
Actor-4338;32256585
Actor-4339;35184414
Actor-4340;34619200
Actor-4341;35643795
Actor-4342;34912310
Actor-4343;33574898
Actor-4344;31086580
Actor-4345;31745098
Actor-4346;31793278
Actor-4347;32619340
Actor-4348;31270168
Actor-4349;33164358
Actor-4350;35899307
Actor-4351;37951871
Actor-4352;41986330
Actor-4353;35491051
Actor-4354;35298739
Actor-4355;34225672
Actor-4356;35254397
Actor-4357;34120421
Actor-4358;31687636
Actor-4359;33985449
Actor-4360;37149569
Actor-4361;35123202
Actor-4362;33122872
Actor-4363;34181843
Actor-4364;32068921
Actor-4365;39444498
Actor-4366;31059818
Actor-4367;34164833
Actor-4368;33686695
Actor-4369;31888428
Actor-4370;31276043
Actor-4371;32132708
Actor-4372;33006498
Actor-4373;33831550
Actor-4374;32745396
Actor-4375;32430176
Actor-4376;32863507
Actor-4377;34646244
Actor-4378;32466052
Actor-4379;33989155
Actor-4380;33452023
Actor-4381;34016927
Actor-4382;34209221
Actor-4383;33907512
Actor-4384;32781514
Actor-4385;29639736
Actor-4386;33945189
Actor-4387;32698319
Actor-4388;36968624
Actor-4389;36382588
Actor-4390;33585518
Actor-4391;32235055
Actor-4392;32789351
Actor-4393;35891481
Actor-4394;33812268
Actor-4395;32300490
Actor-4396;33972023
Actor-4397;33409053
Actor-4398;32042932
Actor-4399;32291054
Actor-4400;33385298
Actor-4401;31555322
Actor-4402;30900733
Actor-4403;33517538
Actor-4404;33064290
Actor-4405;32133843
Actor-4406;33318675
Actor-4407;32485961
Actor-4408;32646763
Actor-4409;31877848
Actor-4410;33255490
Actor-4411;33530010
Actor-4412;32929026
Actor-4413;32705174
Actor-4414;30545455
Actor-4415;34124202
Actor-4416;33184936
Actor-4417;31460566
Actor-4418;35712168
Actor-4419;35728230
Actor-4420;33427589
Actor-4421;31225132
Actor-4422;33337443
Actor-4423;32138073
Actor-4424;32177787
Actor-4425;34208995
Actor-4426;33763648
Actor-4427;32659898
Actor-4428;35740328
Actor-4429;33582801
Actor-4430;34699005
Actor-4431;31923536
Actor-4432;28659676
Actor-4433;32835410
Actor-4434;33487265
Actor-4435;33658777
Actor-4436;34303730
Actor-4437;32417292
Actor-4438;34340592
Actor-4439;34300482
Actor-4440;36404714
Actor-4441;30131397
Actor-4442;34351976
Actor-4443;36716725
Actor-4444;32469027
Actor-4445;35708400
Actor-4446;33677608
Actor-4447;38811266
Actor-4448;35982561
Actor-4449;35960304
Actor-4450;34969424
Actor-4451;32038984
Actor-4452;33095687
Actor-4453;33033997
Actor-4454;33180965
Actor-4455;32851624
Actor-4456;33047966
Actor-4457;31876166
Actor-4458;35009140
Actor-4459;32213998
Actor-4460;31916514
Actor-4461;35270624
Actor-4462;35050689
Actor-4463;32398038
Actor-4464;34775505
Actor-4465;32785436
Actor-4466;31529431
Actor-4467;32664908
Actor-4468;38551560
Actor-4469;35563075
Actor-4470;32345731
Actor-4471;34445106
Actor-4472;32766421
Actor-4473;33133464
Actor-4474;35684635
Actor-4475;33547945
Actor-4476;32265409
Actor-4477;34098523
Actor-4478;31846965
Actor-4479;32665812
Actor-4480;35416621
Actor-4481;31457533
Actor-4482;34203588
Actor-4483;32879620
Actor-4484;35989491
Actor-4485;37572242
Actor-4486;33422417
Actor-4487;33170583
Actor-4488;35574419
Actor-4489;35182476
Actor-4490;37172493
Actor-4491;36156299
Actor-4492;34512084
Actor-4493;34966779
Actor-4494;31458309
Actor-4495;35026165
Actor-4496;33939193
Actor-4497;36889202
Actor-4498;35487960
Actor-4499;34215922
Actor-4500;33840145
Actor-4501;32652018
Actor-4502;35192761
Actor-4503;36977704
Actor-4504;31878845
Actor-4505;34507099
Actor-4506;34443534
Actor-4507;33403458
Actor-4508;31735861
Actor-4509;32686882
Actor-4510;33712948
Actor-4511;34086102
Actor-4512;33991005
Actor-4513;37310617
Actor-4514;32589339
Actor-4515;31933053
Actor-4516;33333870
Actor-4517;32120271
Actor-4518;31439544
Actor-4519;33219301
Actor-4520;36762790
Actor-4521;34251569
Actor-4522;33108409
Actor-4523;29967410
Actor-4524;34077979
Actor-4525;35777942
Actor-4526;36051339
Actor-4527;35618567
Actor-4528;31152056
Actor-4529;31536255
Actor-4530;32686762
Actor-4531;34265522
Actor-4532;35406992
Actor-4533;34917309
Actor-4534;33595934
Actor-4535;31084497
Actor-4536;32154159
Actor-4537;31164275
Actor-4538;35814052
Actor-4539;34997169
Actor-4540;34129138
Actor-4541;35244646
Actor-4542;31812239
Actor-4543;33181739
Actor-4544;33033797
Actor-4545;32651939
Actor-4546;33828567
Actor-4547;31558181
Actor-4548;34046941
Actor-4549;32625817
Actor-4550;32930428
Actor-4551;31526678
Actor-4552;33572167
Actor-4553;35136384
Actor-4554;34839309
Actor-4555;33138226
Actor-4556;33680390
Actor-4557;31304775
Actor-4558;31830157
Actor-4559;33999987
Actor-4560;33131933
Actor-4561;31769714
Actor-4562;31764235
Actor-4563;31941520
Actor-4564;32903650
Actor-4565;30472839
Actor-4566;33177272
Actor-4567;30823003
Actor-4568;30326011
Actor-4569;33595656
Actor-4570;33948830
Actor-4571;35616297
Actor-4572;33239229
Actor-4573;33411661
Actor-4574;33189324
Actor-4575;33798003
Actor-4576;34147523
Actor-4577;33087203
Actor-4578;32949070
Actor-4579;33879678
Actor-4580;32860673
Actor-4581;30803991
Actor-4582;32655363
Actor-4583;32793812
Actor-4584;31857339
Actor-4585;33263617
Actor-4586;36760891
Actor-4587;32188092
Actor-4588;33050251
Actor-4589;32800628
Actor-4590;34455221
Actor-4591;33113268
Actor-4592;35102025
Actor-4593;33393031
Actor-4594;32624691
Actor-4595;31346936
Actor-4596;35046553
Actor-4597;31491791
Actor-4598;33518470
Actor-4599;33021427
Actor-4600;32529290
Actor-4601;31345115
Actor-4602;34326025
Actor-4603;32387290
Actor-4604;32139276
Actor-4605;31560674
Actor-4606;33264612
Actor-4607;35711600
Actor-4608;32180012
Actor-4609;33450079
Actor-4610;31437087
Actor-4611;32750975
Actor-4612;31731149
Actor-4613;31567387
Actor-4614;34238499
Actor-4615;35067269
Actor-4616;28672394
Actor-4617;33878683
Actor-4618;34227420
Actor-4619;31025026
Actor-4620;33742616
Actor-4621;31184512
Actor-4622;33954272
Actor-4623;34235758
Actor-4624;31834793
Actor-4625;31165859
Actor-4626;32379668
Actor-4627;33921504
Actor-4628;30973500
Actor-4629;36089575
Actor-4630;32630163
Actor-4631;32510556
Actor-4632;33981024
Actor-4633;33614749
Actor-4634;32765444
Actor-4635;34838341
Actor-4636;33802281
Actor-4637;40259933
Actor-4638;38063675
Actor-4639;35756739
Actor-4640;40066737
Actor-4641;35515024
Actor-4642;39362875
Actor-4643;42353103
Actor-4644;40925917
Actor-4645;41217276
Actor-4646;36679097
Actor-4647;38083877
Actor-4648;35044923
Actor-4649;33348104
Actor-4650;35323916
Actor-4651;38439125
Actor-4652;37602322
Actor-4653;35383564
Actor-4654;35962407
Actor-4655;35391278
Actor-4656;36512027
Actor-4657;40721378
Actor-4658;39347782
Actor-4659;36865579
Actor-4660;34988847
Actor-4661;36361036
Actor-4662;37876850
Actor-4663;33840264
Actor-4664;32887935
Actor-4665;35970518
Actor-4666;36236521
Actor-4667;34205818
Actor-4668;38690140
Actor-4669;40650148
Actor-4670;45550371
Actor-4671;39936164
Actor-4672;38919190
Actor-4673;35877597
Actor-4674;35543584
Actor-4675;37309596
Actor-4676;36167996
Actor-4677;46034011
Actor-4678;36585637
Actor-4679;33240933
Actor-4680;37874956
Actor-4681;34938003
Actor-4682;37263005
Actor-4683;40957259
Actor-4684;36761341
Actor-4685;35058001
Actor-4686;35744608
Actor-4687;34556409
Actor-4688;37386158
Actor-4689;35872096
Actor-4690;37502077
Actor-4691;36892208
Actor-4692;35472067
Actor-4693;33196158
Actor-4694;35507493
Actor-4695;34949254
Actor-4696;34332791
Actor-4697;39076076
Actor-4698;33879250
Actor-4699;35334073
Actor-4700;36200723
Actor-4701;35541401
Actor-4702;37484597
Actor-4703;38737571
Actor-4704;33516506
Actor-4705;37426235
Actor-4706;36336793
Actor-4707;34859677
Actor-4708;34271729
Actor-4709;35422217
Actor-4710;34337652
Actor-4711;36313252
Actor-4712;34410208
Actor-4713;35578068
Actor-4714;36922373
Actor-4715;37298658
Actor-4716;37029538
Actor-4717;35067638
Actor-4718;36671154
Actor-4719;32749287
Actor-4720;35971482
Actor-4721;33197789
Actor-4722;32919952
Actor-4723;36053182
Actor-4724;36100822
Actor-4725;34918611
Actor-4726;35733676
Actor-4727;39151617
Actor-4728;36487952
Actor-4729;35887498
Actor-4730;35887695
Actor-4731;37210581
Actor-4732;37409096
Actor-4733;36963748
Actor-4734;35378611
Actor-4735;35485562
Actor-4736;35923124
Actor-4737;33355831
Actor-4738;36363538
Actor-4739;36096575
Actor-4740;36706041
Actor-4741;35372731
Actor-4742;38357510
Actor-4743;36243254
Actor-4744;35386086
Actor-4745;33412961
Actor-4746;39080681
Actor-4747;35944605
Actor-4748;38059050
Actor-4749;31209113
Actor-4750;35815803
Actor-4751;35121515
Actor-4752;38206218
Actor-4753;39015060
Actor-4754;36393505
Actor-4755;34167430
Actor-4756;35255905
Actor-4757;33458426
Actor-4758;34438448
Actor-4759;35984785
Actor-4760;33587791
Actor-4761;35836353
Actor-4762;34873234
Actor-4763;36502064
Actor-4764;35823310
Actor-4765;40707470
Actor-4766;40148443
Actor-4767;36015944
Actor-4768;37438249
Actor-4769;36777350
Actor-4770;37408022
Actor-4771;34530685
Actor-4772;37317511
Actor-4773;36263866
Actor-4774;34561484
Actor-4775;35557237
Actor-4776;35819739
Actor-4777;34279152
Actor-4778;37645566
Actor-4779;37127543
Actor-4780;38679646
Actor-4781;33748017
Actor-4782;36933045
Actor-4783;37211831
Actor-4784;35737443
Actor-4785;35676293
Actor-4786;38255213
Actor-4787;35197573
Actor-4788;36975048
Actor-4789;34781270
Actor-4790;35311969
Actor-4791;36261669
Actor-4792;35139513
Actor-4793;33796532
Actor-4794;33070605
Actor-4795;35169473
Actor-4796;35597755
Actor-4797;35520593
Actor-4798;34152544
Actor-4799;35722987
Actor-4800;35048560
Actor-4801;35216963
Actor-4802;32765779
Actor-4803;35542111
Actor-4804;35996675
Actor-4805;34826931
Actor-4806;35009335
Actor-4807;34754595
Actor-4808;34721702
Actor-4809;34640059
Actor-4810;34046561
Actor-4811;35486605
Actor-4812;34763858
Actor-4813;34584533
Actor-4814;34948740
Actor-4815;36652638
Actor-4816;34952913
Actor-4817;34509863
Actor-4818;35941690
Actor-4819;34887166
Actor-4820;35692658
Actor-4821;35250689
Actor-4822;34754207
Actor-4823;35006860
Actor-4824;34874578
Actor-4825;36493114
Actor-4826;35353537
Actor-4827;35476881
Actor-4828;34104787
Actor-4829;36147463
Actor-4830;36014093
Actor-4831;34666119
Actor-4832;36724464
Actor-4833;36668513
Actor-4834;35063519
Actor-4835;34512645
Actor-4836;36472431
Actor-4837;41851983
Actor-4838;33767334
Actor-4839;33604662
Actor-4840;37886582
Actor-4841;34858932
Actor-4842;32938766
Actor-4843;34017043
Actor-4844;35759511
Actor-4845;32968715
Actor-4846;34105679
Actor-4847;31758389
Actor-4848;34533395
Actor-4849;37591654
Actor-4850;35007641
Actor-4851;31315600
Actor-4852;33526956
Actor-4853;33829851
Actor-4854;34362568
Actor-4855;31792523
Actor-4856;34257759
Actor-4857;33673330
Actor-4858;32479699
Actor-4859;34675883
Actor-4860;33400389
Actor-4861;35082507
Actor-4862;32918059
Actor-4863;43228624
Actor-4864;37023679
Actor-4865;34662642
Actor-4866;35561469
Actor-4867;35561264
Actor-4868;35384340
Actor-4869;34838923
Actor-4870;33411835
Actor-4871;33722649
Actor-4872;35310568
Actor-4873;35826535
Actor-4874;32707452
Actor-4875;34503196
Actor-4876;33014236
Actor-4877;34185189
Actor-4878;36622131
Actor-4879;34063852
Actor-4880;33477455
Actor-4881;35821439
Actor-4882;35429952
Actor-4883;35688614
Actor-4884;37331963
Actor-4885;40297587
Actor-4886;38313671
Actor-4887;39581519
Actor-4888;32647953
Actor-4889;37451929
Actor-4890;35415062
Actor-4891;38310716
Actor-4892;37476859
Actor-4893;35054014
Actor-4894;35348452
Actor-4895;36672352
Actor-4896;36397524
Actor-4897;37912056
Actor-4898;31485241
Actor-4899;38861891
Actor-4900;33946190
Actor-4901;33335484
Actor-4902;32746306
Actor-4903;32276744
Actor-4904;33362312
Actor-4905;33775108
Actor-4906;33918967
Actor-4907;38582234
Actor-4908;33835932
Actor-4909;33091225
Actor-4910;34817181
Actor-4911;35813302
Actor-4912;33141735
Actor-4913;33742606
Actor-4914;32067719
Actor-4915;36144198
Actor-4916;33482747
Actor-4917;34791017
Actor-4918;34484904
Actor-4919;35529472
Actor-4920;34709140
Actor-4921;35375219
Actor-4922;36187922
Actor-4923;33947379
Actor-4924;34006291
Actor-4925;36404432
Actor-4926;35597700
Actor-4927;34191252
Actor-4928;36007051
Actor-4929;34984068
Actor-4930;32579257
Actor-4931;35372331
Actor-4932;31025330
Actor-4933;35680113
Actor-4934;37369886
Actor-4935;34626907
Actor-4936;30759416
Actor-4937;31713039
Actor-4938;35581351
Actor-4939;34669954
Actor-4940;35213187
Actor-4941;31204652
Actor-4942;36393097
Actor-4943;35208945
Actor-4944;31213221
Actor-4945;35980892
Actor-4946;34400477
Actor-4947;35919390
Actor-4948;37296104
Actor-4949;34871492
Actor-4950;36222755
Actor-4951;35727322
Actor-4952;34760868
Actor-4953;32856079
Actor-4954;32975151
Actor-4955;33911074
Actor-4956;33386341
Actor-4957;32851013
Actor-4958;34946332
Actor-4959;32175726
Actor-4960;36748564
Actor-4961;35862633
Actor-4962;36028879
Actor-4963;34805660
Actor-4964;34908464
Actor-4965;32285909
Actor-4966;33447378
Actor-4967;32634896
Actor-4968;32249366
Actor-4969;35657651
Actor-4970;34778027
Actor-4971;34647257
Actor-4972;34901875
Actor-4973;32259297
Actor-4974;33399698
Actor-4975;35092763
Actor-4976;34814032
Actor-4977;36100904
Actor-4978;33554812
Actor-4979;35471993
Actor-4980;37049094
Actor-4981;35569525
Actor-4982;36143164
Actor-4983;33640142
Actor-4984;34106146
Actor-4985;33941513
Actor-4986;34997406
Actor-4987;35060297
Actor-4988;36173032
Actor-4989;33323627
Actor-4990;32826988
Actor-4991;29289144
Actor-4992;32286051
Actor-4993;32934273
Actor-4994;33757601
Actor-4995;32715321
Actor-4996;33990400
Actor-4997;32549565
Actor-4998;36072970
Actor-4999;35038595
